r,omega_over_varpi,domega_dr_over_varpi,region
0.0,0.0025149597740750096,0.0,0
0.09886428840516029,0.0025149597740750096,0.0,0
0.19772857681032058,0.0025149597740750096,0.0,0
0.2965928652154809,0.0025149597740750096,0.0,0
0.39545715362064116,0.0025149597740750096,0.0,0
0.4943214420258014,0.0025149597740750096,0.0,0
0.5931857304309618,0.0025149597740750096,0.0,0
0.692050018836122,0.0025149597740750096,0.0,0
0.7909143072412823,0.0025149597740750096,0.0,0
0.8897785956464426,0.0025149597740750096,0.0,0
0.9886428840516028,0.0025149597740750096,0.0,0
1.087507172456763,0.0025149597740750096,0.0,0
1.1863714608619236,0.0025149597740750096,0.0,0
1.2852357492670838,0.0025149597740750096,0.0,0
1.384100037672244,0.0025149597740750096,0.0,0
1.4829643260774044,0.0025149597740750096,0.0,0
1.5818286144825646,0.0025149597740750096,0.0,0
1.6806929028877249,0.0025149597740750096,0.0,0
1.7795571912928851,0.0025149597740750096,0.0,0
1.8784214796980454,0.0025149597740750096,0.0,0
1.9772857681032057,0.0025149597740750096,0.0,0
2.076150056508366,0.0025149597740750096,0.0,0
2.175014344913526,0.0025149597740750096,0.0,0
2.2738786333186867,0.0025149597740750096,0.0,0
2.372742921723847,0.0025149597740750096,0.0,0
2.471607210129007,0.0025149597740750096,0.0,0
2.5704714985341677,0.0025149597740750096,0.0,0
2.6693357869393277,0.0025149597740750096,0.0,0
2.768200075344488,0.0025149597740750096,0.0,0
2.8670643637496482,0.0025149597740750096,0.0,0
2.9659286521548087,0.0025149597740750096,0.0,0
3.0647929405599688,0.0025149597740750096,0.0,0
3.1636572289651292,0.0025149597740750096,0.0,0
3.2625215173702897,0.0025149597740750096,0.0,0
3.3613858057754498,0.0025149597740750096,0.0,0
3.4602500941806102,0.0025149597740750096,0.0,0
3.5591143825857703,0.0025149597740750096,0.0,0
3.6579786709909308,0.0025149597740750096,0.0,0
3.756842959396091,0.0025149597740750096,0.0,0
3.8557072478012513,0.0025149597740750096,0.0,0
3.9545715362064113,0.0025149597740750096,0.0,0
4.053435824611572,0.0025149597740750096,0.0,0
4.152300113016732,0.0025149597740750096,0.0,0
4.251164401421892,0.0025149597740750096,0.0,0
4.350028689827052,0.0025149597740750096,0.0,0
4.448892978232213,0.0025149597740750096,0.0,0
4.547757266637373,0.0025149597740750096,0.0,0
4.646621555042533,0.0025149597740750096,0.0,0
4.745485843447694,0.0025149597740750096,0.0,0
4.844350131852854,0.0025149597740750096,0.0,0
4.943214420258014,0.0025149597740750096,0.0,0
5.042078708663174,0.0025149597740750096,0.0,0
5.140942997068335,0.0025149597740750096,0.0,0
5.239807285473495,0.0025149597740750096,0.0,0
5.338671573878655,0.0025149597740750096,0.0,0
5.4375358622838155,0.0025149597740750096,0.0,0
5.536400150688976,0.0025149597740750096,0.0,0
5.635264439094136,0.0025149597740750096,0.0,0
5.7341287274992965,0.0025149597740750096,0.0,0
5.832993015904457,0.0025149597740750096,0.0,0
5.931857304309617,0.0025149597740750096,0.0,0
6.0307215927147775,0.0025149597740750096,0.0,0
6.1295858811199375,0.0025149597740750096,0.0,0
6.2284501695250984,0.0025149597740750096,0.0,0
6.3273144579302585,0.0025149597740750096,0.0,0
6.4261787463354185,0.0025149597740750096,0.0,0
6.5250430347405795,0.0025149597740750096,0.0,0
6.6239073231457395,0.0025149597740750096,0.0,0
6.7227716115508995,0.0025149597740750096,0.0,0
6.82163589995606,0.0025149597740750096,0.0,0
6.9205001883612205,0.0025149597740750096,0.0,0
7.0193644767663805,0.0025149597740750096,0.0,0
7.118228765171541,0.0025149597740750096,0.0,0
7.2170930535767015,0.0025149597740750096,0.0,0
7.3159573419818615,0.0025149597740750096,0.0,0
7.414821630387022,0.0025149597740750096,0.0,0
7.513685918792182,0.0025149597740750096,0.0,0
7.6125502071973425,0.0025149597740750096,0.0,0
7.711414495602503,0.0025149597740750096,0.0,0
7.810278784007663,0.0025149597740750096,0.0,0
7.909143072412823,0.0025149597740750096,0.0,0
8.008007360817983,0.0025149597740750096,0.0,0
8.106871649223145,0.0025149597740750096,0.0,0
8.205735937628305,0.0025149597740750096,0.0,0
8.304600226033465,0.0025149597740750096,0.0,0
8.403464514438625,0.0025149597740750096,0.0,0
8.502328802843785,0.0025149597740750096,0.0,0
8.601193091248945,0.0025149597740750096,0.0,0
8.700057379654105,0.0025149597740750096,0.0,0
8.798921668059267,0.0025149597740750096,0.0,0
8.897785956464427,0.0025149597740750096,0.0,0
8.996650244869587,0.0025149597740750096,0.0,0
9.095514533274747,0.0025149597740750096,0.0,0
9.194378821679907,0.0025149597740750096,0.0,0
9.293243110085067,0.0025149597740750096,0.0,0
9.392107398490227,0.0025149597740750096,0.0,0
9.490971686895389,0.0025149597740750096,0.0,0
9.589835975300549,0.0025149597740750096,0.0,0
9.688700263705709,0.0025149597740750096,0.0,0
9.787564552110869,0.0025149597740750096,0.0,0
9.886428840516029,0.0025149597740750096,0.0,0
9.985293128921189,0.0025149597740750096,-0.0,1
9.99530487713294,0.0025149572588095692,-5.021277885176574e-07,1
10.005316559847742,0.0025149497264754794,-1.0022481623991314e-06,1
10.015328177325458,0.0025149371971744383,-1.5003731801835353e-06,1
10.025339729824667,0.002514919690888351,-1.996514816438972e-06,1
10.035351217602624,0.002514897227478219,-2.490684961900542e-06,1
10.045362640915265,0.002514869826685695,-2.9828954237288345e-06,1
10.055374000017268,0.0025148375081340824,-3.4731579266107193e-06,1
10.06538529516206,0.002514800291328001,-3.961484113133024e-06,1
10.075396526601805,0.002514758195656497,-4.4478855452107145e-06,1
10.08540769458741,0.0025147112403921534,-4.93237370419087e-06,1
10.095418799368527,0.002514659444692091,-5.414959991108812e-06,1
10.10542984119355,0.0025146028275988552,-5.895655727790152e-06,1
10.115440820309614,0.002514541408041082,-6.374472157180294e-06,1
10.12545173696265,0.002514475204835276,-6.8514204447093945e-06,1
10.13546259139738,0.0025144042366856967,-7.326511678394084e-06,1
10.145473383857267,0.0025143285221854716,-7.799756869081993e-06,1
10.155484114584588,0.0025142480798161504,-8.271166951505376e-06,1
10.165494783820439,0.0025141629279503697,-8.740752784596051e-06,1
10.17550539180473,0.0025140730848516313,-9.208525152790878e-06,1
10.185515938776184,0.0025139785686755234,-9.67449476612852e-06,1
10.195526424972345,0.0025138793974698315,-1.0138672260483712e-05,1
10.205536850629564,0.0025137755891756486,-1.0601068198574298e-05,1
10.215547215983015,0.0025136671616273754,-1.1061693070262906e-05,1
10.225557521266738,0.0025135541325549404,-1.1520557293805172e-05,1
10.235567766713627,0.0025134365195839115,-1.1977671215942369e-05,1
10.245577952555392,0.002513314340235717,-1.2433045112125394e-05,1
10.25558807902263,0.0025131876119280916,-1.2886689187478239e-05,1
10.265598146344816,0.00251305635197685,-1.3338613577086061e-05,1
10.275608154750316,0.0025129205775961116,-1.3788828347189573e-05,1
10.285618104466373,0.002512780305899187,-1.4237343495273638e-05,1
10.295627995719116,0.002512635553899023,-1.4684168950281254e-05,1
10.305637828733555,0.002512486338508313,-1.5129314573535715e-05,1
10.31564760373359,0.0025123326765410514,-1.5572790159015888e-05,1
10.325657320942046,0.0025121745847135335,-1.601460543449911e-05,1
10.335666980580674,0.0025120120796440215,-1.645477006164589e-05,1
10.345676582870105,0.0025118451778540773,-1.689329363620498e-05,1
10.355686128029921,0.0025116738957684515,-1.733018568889526e-05,1
10.365695616278654,0.002511498249716415,-1.776545568566958e-05,1
10.37570504783377,0.0025113182559325375,-1.8199113028808115e-05,1
10.385714422911697,0.002511133930557241,-1.863116705699993e-05,1
10.395723741727801,0.0025109452896370232,-1.9061627045538918e-05,1
10.405733004496398,0.0025107523491252337,-1.9490502207167943e-05,1
10.415742211430752,0.0025105551248820746,-1.9917801692331223e-05,1
10.425751362743117,0.0025103536326775977,-2.0343534590221288e-05,1
10.435760458644733,0.0025101478881897066,-2.0767709928856583e-05,1
10.445769499345783,0.0025099379070055994,-2.1190336675269446e-05,1
10.455778485055458,0.0025097237046231013,-2.1611423736313758e-05,1
10.465787415981957,0.0025095052964495546,-2.203097995890704e-05,1
10.475796292332484,0.0025092826978051486,-2.2449014131032554e-05,1
10.485805114313251,0.0025090559239207,-2.2865534981813683e-05,1
10.495813882129475,0.002508824989940317,-2.3280551181693844e-05,1
10.505822595985379,0.0025085899109204,-2.3694071343210084e-05,1
10.51583125608419,0.002508350701831197,-2.4106104021224464e-05,1
10.525839862628196,0.002508107377557134,-2.4516657713884007e-05,1
10.535848415818705,0.0025078599528980394,-2.4925740862691927e-05,1
10.545856915856046,0.0025076084425681433,-2.533336185267966e-05,1
10.555865362939604,0.0025073528611981866,-2.573952901314814e-05,1
10.565873757267832,0.0025070932233346443,-2.6144250617889115e-05,1
10.575882099038237,0.0025068295434419463,-2.654753488610474e-05,1
10.585890388447392,0.0025065618359018105,-2.694938998247568e-05,1
10.595898625690932,0.0025062901150141315,-2.734982401732623e-05,1
10.605906810963553,0.0025060143949966474,-2.7748845047333926e-05,1
10.615914944459016,0.002505734689986938,-2.8146461075741912e-05,1
10.625923026370176,0.002505451014042759,-2.854268005323959e-05,1
10.635931056888985,0.0025051633811417062,-2.8937509878028315e-05,1
10.645939036206459,0.0025048718051819963,-2.9330958395979303e-05,1
10.655946964512726,0.002504576299983574,-2.9723033401313572e-05,1
10.66595484199703,0.002504276879287559,-3.011374263680535e-05,1
10.675962668847724,0.0025039735567579102,-3.0503093794626233e-05,1
10.685970445252279,0.0025036663459818698,-3.0891094516407714e-05,1
10.69597817139728,0.0025033552604696307,-3.127775239339289e-05,1
10.70598584746842,0.002503040313655003,-3.166307496708763e-05,1
10.715993473650512,0.0025027215188960783,-3.2047069729456e-05,1
10.726001050127516,0.002502398889476787,-3.242974412372899e-05,1
10.736008577082538,0.0025020724386056736,-3.281110554446457e-05,1
10.746016054697794,0.0025017421794173433,-3.3191161337693e-05,1
10.756023483154665,0.0025014081249726816,-3.35699188015413e-05,1
10.766030862633697,0.0025010702882591884,-3.394738518642003e-05,1
10.77603819331459,0.002500728682192088,-3.432356769579898e-05,1
10.786045475376218,0.002500383319614663,-3.469847348626468e-05,1
10.796052708996603,0.002500034213297697,-3.507210966765942e-05,1
10.806059894352943,0.002499681375941365,-3.544448330368035e-05,1
10.816067031621587,0.0024993248201738982,-3.581560141205829e-05,1
10.826074120978092,0.002498964558554251,-3.618547096530153e-05,1
10.836081162597194,0.0024986006035716546,-3.655409889075088e-05,1
10.846088156652797,0.0024982329676455084,-3.6921492070713346e-05,1
10.856095103318014,0.002497861663125822,-3.7287657343036066e-05,1
10.866102002765164,0.002497486702294216,-3.765260150127816e-05,1
10.87610885516577,0.0024971080973648085,-3.8016331295423735e-05,1
10.88611566069057,0.0024967258604837728,-3.8378853431935064e-05,1
10.896122419509503,0.002496340003729669,-3.87401745738805e-05,1
10.90612913179172,0.0024959505391146664,-3.910030134148503e-05,1
10.91613579770558,0.0024955574785844314,-3.945924031229501e-05,1
10.92614241741868,0.0024951608340187947,-3.9816998021862316e-05,1
10.93614899109785,0.0024947606172319725,-4.0173580963795026e-05,1
10.94615551890913,0.002494356839973566,-4.052899558988039e-05,1
10.956162001017807,0.0024939495139277845,-4.088324831061269e-05,1
10.966168437588422,0.0024935386507149992,-4.123634549535156e-05,1
10.976174828784767,0.0024931242618914107,-4.1588293472978235e-05,1
10.986181174769882,0.0024927063589502696,-4.193909853194409e-05,1
10.996187475706058,0.0024922849533222102,-4.228876692038871e-05,1
11.006193731754836,0.002491860056373807,-4.263730484664644e-05,1
11.016199943077005,0.0024914316794105718,-4.2984718479398074e-05,1
11.026206109832641,0.0024909998336757333,-4.333101394830066e-05,1
11.03621223218109,0.002490564530351569,-4.367619734403422e-05,1
11.046218310280945,0.0024901257805588495,-4.402027471841475e-05,1
11.056224344290099,0.002489683595357839,-4.436325208488068e-05,1
11.066230334365729,0.002489237985748516,-4.47051354186382e-05,1
11.0762362806643,0.002488788962671129,-4.5045930657265804e-05,1
11.086242183341577,0.0024883365370065302,-4.538564370075907e-05,1
11.096248042552602,0.0024878807195761743,-4.572428041163933e-05,1
11.106253858451721,0.0024874215211428963,-4.606184661542032e-05,1
11.116259631192557,0.0024869589524104674,-4.639834810074764e-05,1
11.126265360928063,0.0024864930240262595,-4.6733790619979405e-05,1
11.136271047810496,0.0024860237465785806,-4.706817988922897e-05,1
11.14627669199141,0.0024855511305993394,-4.7401521588469344e-05,1
11.156282293621686,0.002485075186562824,-4.773382136198109e-05,1
11.16628785285153,0.0024845959248872562,-4.806508481848644e-05,1
11.176293369830478,0.0024841133559344586,-4.8395317531706434e-05,1
11.186298844707395,0.0024836274900106314,-4.872452504040225e-05,1
11.19630427763047,0.002483138337366353,-4.9052712848475334e-05,1
11.206309668747217,0.002482645908196912,-4.9379886425397354e-05,1
11.216315018204488,0.002482150212642975,-4.970605120633924e-05,1
11.226320326148484,0.002481651260790918,-5.003121259270603e-05,1
11.236325592724752,0.002481149062672494,-5.035537595217655e-05,1
11.246330818078173,0.002480643628266388,-5.067854661879962e-05,1
11.256336002352985,0.002480134967497327,-5.10007298934071e-05,1
11.266341145692794,0.002479623090236971,-5.1321931043737514e-05,1
11.276346248240566,0.0024791080063042426,-5.1642155304949976e-05,1
11.286351310138636,0.002478589725465996,-5.196140787966231e-05,1
11.29635633152869,0.002478068257436683,-5.227969393804326e-05,1
11.306361312551788,0.0024775436118790184,-5.259701861820949e-05,1
11.316366253348345,0.002477015798403759,-5.2913387026344193e-05,1
11.326371154058174,0.002476484826571368,-5.3228804237190827e-05,1
11.33637601482046,0.00247595070589135,-5.354327529408965e-05,1
11.34638083577376,0.0024754134458218058,-5.3856805209066565e-05,1
11.356385617056022,0.0024748730557719867,-5.416939896321425e-05,1
11.36639035880459,0.0024743295450995184,-5.448106150680606e-05,1
11.376395061156206,0.002473782923114287,-5.479179775977073e-05,1
11.38639972424701,0.002473233199075886,-5.510161261172731e-05,1
11.396404348212531,0.0024726803821950583,-5.541051092207047e-05,1
11.406408933187704,0.0024721244816339194,-5.57184975203368e-05,1
11.41641347930685,0.0024715655065061792,-5.602557720631436e-05,1
11.426417986703717,0.002471003465877586,-5.633175475049863e-05,1
11.436422455511464,0.002470438368766259,-5.6637034894126244e-05,1
11.446426885862648,0.0024698702241423565,-5.694142234925703e-05,1
11.456431277889251,0.002469299040929629,-5.724492179912575e-05,1
11.466435631722687,0.0024687248280039764,-5.754753789824779e-05,1
11.476439947493791,0.0024681475941952247,-5.7849275272857156e-05,1
11.486444225332828,0.002467567348286792,-5.8150138520938905e-05,1
11.496448465369491,0.002466984099016467,-5.8450132212308055e-05,1
11.5064526677329,0.0024663978550755195,-5.874926088894781e-05,1
11.516456832551597,0.002465808625109922,-5.904752906511089e-05,1
11.526460959953583,0.0024652164177210167,-5.934494122774072e-05,1
11.536465050066298,0.0024646212414646262,-5.964150183650275e-05,1
11.546469103016603,0.0024640231048520533,-5.993721532386001e-05,1
11.556473118930828,0.002463422016350303,-6.0232086095398574e-05,1
11.566477097934754,0.002462817984382304,-6.052611852992484e-05,1
11.576481040153615,0.0024622110173270206,-6.081931697987052e-05,1
11.586484945712105,0.0024616011235200075,-6.111168577132274e-05,1
11.596488814734373,0.002460988311253298,-6.140322920409679e-05,1
11.606492647344027,0.00246037258877585,-6.169395155204901e-05,1
11.616496443664126,0.002459753964294209,-6.198385706317011e-05,1
11.62650020381721,0.0024591324459719566,-6.22729499599751e-05,1
11.636503927925292,0.002458508041930485,-6.256123443953187e-05,1
11.646507616109838,0.0024578807602496644,-6.284871467353134e-05,1
11.656511268491805,0.0024572506089667323,-6.313539480858818e-05,1
11.666514885191628,0.00245661759607807,-6.342127896633091e-05,1
11.676518466329227,0.0024559817295387587,-6.370637124377653e-05,1
11.686522012024007,0.002455343017262246,-6.399067571335829e-05,1
11.696525522394857,0.0024547014671222334,-6.427419642299308e-05,1
11.706528997560145,0.0024540570869507894,-6.455693739637066e-05,1
11.716532437637728,0.0024534098845405694,-6.483890263304038e-05,1
11.726535842744966,0.0024527598676438167,-6.512009610877159e-05,1
11.736539212998718,0.0024521070439730286,-6.540052177558027e-05,1
11.746542548515324,0.0024514514212009564,-6.568018356179396e-05,1
11.75654584941064,0.0024507930069616046,-6.595908537232997e-05,1
11.766549115800027,0.00245013180884901,-6.623723108877883e-05,1
11.776552347798356,0.002449467834419128,-6.651462456975099e-05,1
11.786555545520011,0.0024488010911889457,-6.679126965090258e-05,1
11.79655870907888,0.0024481315866370368,-6.706717014499766e-05,1
11.806561838588363,0.0024474593282043378,-6.734232984217623e-05,1
11.816564934161375,0.0024467843232925945,-6.761675251003426e-05,1
11.82656799591035,0.0024461065792670267,-6.789044189395749e-05,1
11.836571023947256,0.002445426103455106,-6.816340171714611e-05,1
11.846574018383563,0.0024447429031470014,-6.843563568067481e-05,1
11.856576979330281,0.0024440569855953553,-6.870714746375058e-05,1
11.86657990689795,0.0024433683580165066,-6.897794072378967e-05,1
11.876582801196644,0.0024426770275900456,-6.924801909673907e-05,1
11.886585662335976,0.002441983001459369,-6.951738619710012e-05,1
11.896588490425087,0.002441286286731237,-6.978604561798642e-05,1
11.906591285572656,0.0024405868904769923,-7.005400093137175e-05,1
11.916594047886894,0.0024398848197317857,-7.032125568816451e-05,1
11.926596777475565,0.0024391800814955733,-7.058781341851681e-05,1
11.93659947444598,0.002438472682732562,-7.085367763184744e-05,1
11.946602138904987,0.002437762630372431,-7.111885181689755e-05,1
11.956604770958986,0.002437049931309332,-7.138333944196926e-05,1
11.966607370713936,0.002436334592402889,-7.164714395499745e-05,1
11.976609938275358,0.00243561662047842,-7.191026878384726e-05,1
11.986612473748322,0.002434896022327049,-7.217271733633629e-05,1
11.996614977237462,0.002434172804705148,-7.2434493000288e-05,1
12.006617448846963,0.0024334469743361176,-7.269559914376182e-05,1
12.016619888680575,0.002432718537908718,-7.295603911512196e-05,1
12.02662229684161,0.0024319875020786252,-7.321581624332386e-05,1
12.036624673432962,0.002431253873468542,-7.347493383793597e-05,1
12.046627018557075,0.0024305176586677524,-7.373339518919069e-05,1
12.056629332315973,0.002429778864232235,-7.399120356820624e-05,1
12.066631614811262,0.002429037496685549,-7.424836222705289e-05,1
12.076633866144123,0.002428293562519057,-7.45048743990289e-05,1
12.086636086415316,0.0024275470681913713,-7.476074329868116e-05,1
12.096638275725184,0.0024267980201290174,-7.501597212185483e-05,1
12.106640434173643,0.0024260464247263247,-7.527056404590658e-05,1
12.116642561860187,0.0024252922883463146,-7.552452222976833e-05,1
12.126644658883915,0.002424535617320034,-7.577784981421363e-05,1
12.136646725343502,0.002423776417947332,-7.603054992187677e-05,1
12.146648761337211,0.0024230146964967503,-7.62826256573012e-05,1
12.156650766962906,0.0024222504592054106,-7.653408010714464e-05,1
12.166652742318044,0.002421483712280126,-7.678491634024071e-05,1
12.176654687499685,0.0024207144618966225,-7.703513740785514e-05,1
12.186656602604486,0.002419942714200096,-7.728474634370479e-05,1
12.196658487728708,0.0024191684753056553,-7.753374616400381e-05,1
12.206660342968203,0.002418391751298099,-7.778213986766135e-05,1
12.216662168418425,0.0024176125482321398,-7.802993043634113e-05,1
12.226663964174447,0.002416830872132736,-7.827712083470816e-05,1
12.236665730330948,0.0024160467289950915,-7.85237140104471e-05,1
12.246667466982206,0.0024152601247851013,-7.876971289430669e-05,1
12.25666917422212,0.0024144710654392387,-7.901512040029045e-05,1
12.266670852144209,0.0024136795568648894,-7.925993942571389e-05,1
12.276672500841602,0.0024128856049400182,-7.950417285144217e-05,1
12.28667412040706,0.0024120892155148344,-7.974782354190829e-05,1
12.296675710932947,0.002411290394409571,-7.999089434515525e-05,1
12.306677272511257,0.0024104891474168166,-8.023338809302037e-05,1
12.316678805233597,0.0024096854803006273,-8.047530760119014e-05,1
12.32668030919121,0.0024088793987966373,-8.071665566942953e-05,1
12.336681784474962,0.002408070908613169,-8.095743508159908e-05,1
12.346683231175344,0.0024072600154297907,-8.119764860569615e-05,1
12.356684649382485,0.0024064467248992027,-8.143729899403212e-05,1
12.366686039186142,0.002405631042645906,-8.167638898328525e-05,1
12.376687400675719,0.002404812974267423,-8.191492129472228e-05,1
12.386688733940247,0.0024039925253340755,-8.215289863421413e-05,1
12.396690039068398,0.002403169701388763,-8.239032369227626e-05,1
12.406691316148484,0.002402344507948073,-8.262719914423925e-05,1
12.416692565268448,0.002401516950500837,-8.286352765029991e-05,1
12.426693786515886,0.0024006870345105735,-8.309931185573455e-05,1
12.43669497997804,0.0023998547654132674,-8.333455439091477e-05,1
12.446696145741788,0.0023990201486190355,-8.356925787134579e-05,1
12.456697283893664,0.0023981831895121264,-8.380342489783107e-05,1
12.466698394519854,0.0023973438934500324,-8.403705805652182e-05,1
12.4766994777062,0.0023965022657648216,-8.427015991912246e-05,1
12.486700533538196,0.002395658311763027,-8.450273304290582e-05,1
12.496701562100988,0.0023948120367252024,-8.473477997075016e-05,1
12.506702563479381,0.0023939634459070325,-8.496630323129806e-05,1
12.51670353775783,0.00239311254453789,-8.519730533900395e-05,1
12.526704485020455,0.002392259337823166,-8.542778879433216e-05,1
12.536705405351045,0.0023914038309424956,-8.56577560837721e-05,1
12.546706298833037,0.0023905460290508662,-8.588720967987336e-05,1
12.556707165549543,0.0023896859372787294,-8.611615204139931e-05,1
12.566708005583342,0.0023888235607315567,-8.634458561337288e-05,1
12.576708819016885,0.002387958904490506,-8.657251282726763e-05,1
12.586709605932292,0.002387091973612754,-8.679993610102209e-05,1
12.596710366411354,0.0023862227731306085,-8.702685783907419e-05,1
12.606711100535533,0.002385351308053285,-8.725328043250895e-05,1
12.61671180838595,0.002384477583365019,-8.747920625910259e-05,1
12.626712490043431,0.0023836016040271746,-8.770463768350747e-05,1
12.636713145588459,0.002382723374976692,-8.792957705726516e-05,1
12.6467137751012,0.002381842901127529,-8.815402671884016e-05,1
12.656714378661498,0.002380960187370662,-8.83779889937622e-05,1
12.666714956348887,0.00238007523857231,-8.860146619466893e-05,1
12.676715508242589,0.002379188059577042,-8.882446062148407e-05,1
12.686716034421506,0.0023782986552062235,-8.904697456143043e-05,1
12.696716534964228,0.0023774070302574613,-8.92690102890621e-05,1
12.706717009949028,0.0023765131895062686,-8.949057006640187e-05,1
12.716717459453866,0.0023756171377059543,-8.971165614298251e-05,1
12.726717883556402,0.0023747188795860685,-8.993227075601859e-05,1
12.736718282333984,0.002373818419855178,-9.015241613041905e-05,1
12.746718655863651,0.0023729157631987574,-9.037209447881828e-05,1
12.756719004222138,0.002372010914280298,-9.05913080017088e-05,1
12.766719327485886,0.0023711038777414206,-9.081005888748103e-05,1
12.776719625731026,0.002370194658201652,-9.102834931258893e-05,1
12.786719899033402,0.002369283260259425,-9.124618144156265e-05,1
12.796720147468545,0.0023683696884905237,-9.146355742703793e-05,1
12.806720371111695,0.002367453947450082,-9.168047940988458e-05,1
12.816720570037786,0.002366536041670919,-9.189694951924463e-05,1
12.826720744321468,0.002365615975665314,-9.211296987269248e-05,1
12.836720894037098,0.0023646937539244517,-9.232854257624668e-05,1
12.846721019258728,0.0023637693809180904,-9.254366972439881e-05,1
12.856721120060135,0.0023628428610947827,-9.275835340023716e-05,1
12.866721196514792,0.002361914198882875,-9.297259567548355e-05,1
12.876721248695906,0.002360983398689509,-9.31863986106483e-05,1
12.886721276676385,0.0023600504649017306,-9.339976425504112e-05,1
12.896721280528853,0.002359115401885714,-9.361269464679932e-05,1
12.906721260325648,0.0023581782139870944,-9.38251918130071e-05,1
12.916721216138825,0.0023572389055316334,-9.403725776973127e-05,1
12.926721148040158,0.002356297480824776,-9.42488945221704e-05,1
12.936721056101145,0.0023553539441519833,-9.446010406466598e-05,1
12.946720940393002,0.002354408299778621,-9.467088838072926e-05,1
12.95672080098666,0.0023534605519502927,-9.488124944315634e-05,1
12.966720637952792,0.0023525107048932847,-9.509118921406307e-05,1
12.976720451361784,0.002351558762813455,-9.53007096450287e-05,1
12.986720241283761,0.002350604729897676,-9.550981267710693e-05,1
12.996720007788564,0.002349648610313504,-9.571850024085152e-05,1
13.00671975094577,0.0023486904082089533,-9.592677425642788e-05,1
13.016719470824675,0.0023477301277129436,-9.613463663364627e-05,1
13.026719167494313,0.0023467677729350767,-9.634208927210088e-05,1
13.036718841023461,0.002345803347966413,-9.654913406118046e-05,1
13.046718491480611,0.002344836856878918,-9.675577288009287e-05,1
13.056718118933999,0.0023438683037253494,-9.696200759797308e-05,1
13.066717723451601,0.002342897692540369,-9.71678400739151e-05,1
13.076717305101134,0.002341925027339875,-9.737327215710645e-05,1
13.086716863950048,0.002340950312121337,-9.757830568683818e-05,1
13.096716400065539,0.002339973550863683,-9.778294249252896e-05,1
13.106715913514538,0.002338994747527412,-9.798718439382915e-05,1
13.116715404363712,0.0023380139060550365,-9.81910332006516e-05,1
13.126714872679484,0.002337031030371195,-9.839449071330181e-05,1
13.13671431852802,0.0023360461243823183,-9.859755872248712e-05,1
13.146713741975221,0.0023350591919768515,-9.880023900934037e-05,1
13.156713143086748,0.0023340702370254762,-9.900253334552033e-05,1
13.166712521928002,0.0023330792633813324,-9.920444349324161e-05,1
13.176711878564143,0.0023320862748794635,-9.940597120540028e-05,1
13.18671121306008,0.0023310912753382595,-9.960711822558306e-05,1
13.196710525480473,0.002330094268557903,-9.980788628809004e-05,1
13.206709815889727,0.0023290952583214786,-0.00010000827711803134,1
13.216709084352006,0.002328094248394863,-0.00010020829243135642,1
13.22670833093123,0.0023270912425268353,-0.00010040793393497505,1
13.236707555691073,0.002326086244448966,-0.00010060720332676641,1
13.246706758694966,0.0023250792578759505,-0.00010080610229560089,1
13.2567059400061,0.0023240702865058305,-0.00010100463252143383,1
13.26670509968743,0.0023230593340194394,-0.00010120279567533371,1
13.276704237801663,0.0023220464040809574,-0.00010140059341959909,1
13.286703354411284,0.0023210315003383553,-0.0001015980274077677,1
13.296702449578525,0.0023200146264226174,-0.00010179509928463708,1
13.306701523365389,0.002318995785948519,-0.00010199181068635539,1
13.316700575833636,0.0023179749825141815,-0.00010218816324044836,1
13.3266996070448,0.002316952219702295,-0.00010238415856593259,1
13.33669861706018,0.002315927501078341,-0.00010257979827332385,1
13.346697605940838,0.00231490083019259,-0.00010277508396465756,1
13.356696573747612,0.002313872210578105,-0.00010297001723357642,1
13.366695520541105,0.002312841645753405,-0.00010316459966535644,1
13.376694446381702,0.0023118091392203555,-0.00010335883283701681,1
13.386693351329551,0.0023107746944653895,-0.00010355271831732755,1
13.396692235444581,0.0023097383149588424,-0.00010374625766682964,1
13.406691098786485,0.0023087000041561723,-0.00010393945243791929,1
13.416689941414733,0.002307659765496517,-0.00010413230417487345,1
13.426688763388576,0.0023066176024038043,-0.0001043248144139555,1
13.436687564767043,0.002305573518287085,-0.00010451698468342315,1
13.446686345608933,0.002304527516539867,-0.00010470881650354754,1
13.45668510597283,0.0023034796005400038,-0.00010490031138669497,1
13.466683845917101,0.002302429773651027,-0.00010509147083735167,1
13.476682565499893,0.002301378039221036,-0.00010528229635222599,1
13.486681264779136,0.0023003244005826984,-0.00010547278942025598,1
13.496679943812545,0.002299268861055026,-0.00010566295152262795,1
13.506678602657614,0.0022982114239408213,-0.00010585278413285537,1
13.516677241371621,0.00229715209252912,-0.00010604228871680268,1
13.526675860011629,0.0022960908700937477,-0.00010623146673278405,1
13.536674458634502,0.0022950277598947633,-0.00010642031963157102,1
13.546673037296873,0.0022939627651766825,-0.00010660884885641001,1
13.556671596055173,0.0022928958891705875,-0.00010679705584309908,1
13.566670134965625,0.002291827135092128,-0.00010698494202001087,1
13.576668654084244,0.002290756506143521,-0.00010717250880818829,1
13.586667153466834,0.002289684005512882,-0.00010735975762135153,1
13.596665633168993,0.002288609636373562,-0.00010754668986591554,1
13.606664093246113,0.0022875334018849225,-0.00010773330694106376,1
13.61666253375337,0.0022864553051931136,-0.00010791961023877028,1
13.626660954745752,0.0022853753494295193,-0.00010810560114389261,1
13.63665935627803,0.002284293537711979,-0.00010829128103417827,1
13.646657738404775,0.002283209873144898,-0.00010847665128028167,1
13.65665610118036,0.0022821243588182494,-0.00010866171324583569,1
13.666654444658956,0.002281036997809349,-0.0001088464682874732,1
13.676652768894536,0.0022799477931808587,-0.00010903091775491654,1
13.686651073940872,0.0022788567479828936,-0.00010921506299098425,1
13.696649359851541,0.002277763865251914,-0.00010939890533160722,1
13.706647626679914,0.0022766691480102796,-0.00010958244610589778,1
13.716645874479168,0.0022755725992683606,-0.00010976568663617057,1
13.726644103302288,0.0022744742220222047,-0.00010994862823802913,1
13.736642313202061,0.002273374019255203,-0.00011013127222037224,1
13.746640504231081,0.002272271993937758,-0.0001103136198854097,1
13.756638676441746,0.0022711681490271696,-0.00011049567252872927,1
13.766636829886266,0.002270062487467639,-0.00011067743143931687,1
13.77663496461666,0.00226895501219071,-0.00011085889789964029,1
13.786633080684757,0.0022678457261147145,-0.00011104007318565572,1
13.796631178142194,0.0022667346321456616,-0.00011122095856682244,1
13.806629257040417,0.0022656217331769035,-0.00011140155530616805,1
13.816627317430683,0.0022645070320888028,-0.0001115818646603075,1
13.826625359364066,0.0022633905317495095,-0.00011176188787952452,1
13.83662338289145,0.0022622722350142954,-0.00011194162620777744,1
13.846621388063532,0.0022611521447266636,-0.00011212108088271393,1
13.85661937493083,0.0022600302637169056,-0.00011230025313573383,1
13.866617343543668,0.0022589065948037668,-0.00011247914419200779,1
13.876615293952202,0.0022577811407932247,-0.0001126577552705562,1
13.886613226206395,0.0022566539044794887,-0.00011283608758425456,1
13.89661114035603,0.0022555248886444446,-0.00011301414233984806,1
13.90660903645071,0.0022543940960576547,-0.00011319192073801203,1
13.916606914539853,0.002253261529477135,-0.00011336942397337013,1
13.926604774672702,0.0022521271916485786,-0.0001135466532345705,1
13.936602616898321,0.002250991085306353,-0.00011372360970429124,1
13.946600441265597,0.0022498532131726146,-0.00011390029455925435,1
13.95659824782323,0.0022487135779575285,-0.00011407670897028422,1
13.966596036619759,0.002247572182360269,-0.00011425285410232569,1
13.97659380770354,0.002246429029067465,-0.00011442873111451743,1
13.986591561122758,0.0022452841207549756,-0.00011460434116019743,1
13.99658929692542,0.0022441374600868924,-0.00011477968538691632,1
14.006587015159361,0.00224298904971576,-0.00011495476493649426,1
14.016584715872241,0.002241838892282466,-0.00011512958094503791,1
14.026582399111547,0.002240686990417018,-0.00011530413454301168,1
14.036580064924603,0.0022395333467377654,-0.00011547842685524322,1
14.046577713358552,0.0022383779638521784,-0.00011565245900093594,1
14.056575344460374,0.0022372208443564023,-0.00011582623209372451,1
14.066572958276875,0.0022360619908351476,-0.00011599974724169124,1
14.076570554854705,0.002234901405862577,-0.00011617300554743507,1
14.086568134240334,0.002233739092001308,-0.00011634600810807683,1
14.096565696480074,0.0022325750518035203,-0.00011651875601527157,1
14.106563241620066,0.002231409287810071,-0.00011669125035526202,1
14.116560769706279,0.0022302418025511583,-0.00011686349220889428,1
14.12655828078453,0.0022290725985461,-0.00011703548265168513,1
14.136555774900463,0.0022279016783038896,-0.00011720722275382647,1
14.146553252099562,0.0022267290443220844,-0.00011737871358019777,1
14.156550712427146,0.002225554699088139,-0.00011754995619041758,1
14.166548155928377,0.0022243786450786285,-0.00011772095163885922,1
14.176545582648256,0.0022232008847598017,-0.00011789170097471541,1
14.186542992631617,0.002222021420587472,-0.00011806220524200305,1
14.196540385923148,0.002220840255006906,-0.00011823246547957512,1
14.206537762567358,0.0022196573904528227,-0.00011840248272117038,1
14.216535122608612,0.002218472829350171,-0.00011857225799542867,1
14.22653246609111,0.00221728657411302,-0.00011874179232595335,1
14.236529793058898,0.0022160986271452243,-0.00011891108673131615,1
14.246527103555861,0.0022149089908410913,-0.0001190801422250684,1
14.256524397625737,0.0022137176675843806,-0.00011924895981578957,1
14.266521675312102,0.002212524659748638,-0.00011941754050710191,1
14.276518936658377,0.0022113299696974176,-0.00011958588529773107,1
14.286516181707842,0.002210133599784614,-0.00011975399518151087,1
14.296513410503605,0.002208935552354241,-0.0001199218711473939,1
14.306510623088636,0.0022077358297398764,-0.00012008951417949879,1
14.316507819505741,0.00220653443426555,-0.00012025692525712415,1
14.326504999797583,0.0022053313682459663,-0.00012042410535480741,1
14.336502164006673,0.0022041266339851706,-0.00012059105544232919,1
14.346499312175364,0.002202920233778216,-0.00012075777648472389,1
14.356496444345874,0.00220171216991083,-0.00012092426944232552,1
14.366493560560258,0.00220050244465797,-0.0001210905352707809,1
14.376490660860437,0.002199291060286268,-0.0001212565749211073,1
14.386487745288177,0.002198078019051919,-0.00012142238933969607,1
14.396484813885094,0.002196863323202347,-0.00012158797946832336,1
14.406481866692666,0.002195646974974985,-0.0001217533462441941,1
14.416478903752212,0.002194428976598717,-0.00012191849059995509,1
14.426475925104922,0.002193209330292323,-0.0001220834134637505,1
14.436472930791828,0.002191988038265591,-0.00012224811575922551,1
14.446469920853826,0.0021907651027193165,-0.00012241259840553708,1
14.45646689533166,0.0021895405258446354,-0.00012257686231739582,1
14.466463854265948,0.0021883143098236912,-0.0001227409084050796,1
14.476460797697149,0.0021870864568300785,-0.0001229047375744867,1
14.486457725665591,0.002185856969027844,-0.00012306835072713993,1
14.496454638211459,0.0021846258485719305,-0.00012323174876019636,1
14.506451535374795,0.0021833930976086213,-0.0001233949325664886,1
14.516448417195502,0.0021821587182750957,-0.00012355790303453733,1
14.526445283713338,0.00218092271269954,-0.00012372066104860297,1
14.536442134967936,0.0021796850830020364,-0.00012388320748869003,1
14.546438970998778,0.0021784458312928967,-0.00012404554323055587,1
14.556435791845216,0.002177204959674328,-0.0001242076691457515,1
14.566432597546461,0.0021759624702397673,-0.00012436958610163317,1
14.576429388141593,0.002174718365073325,-0.0001245312949614131,1
14.586426163669554,0.002173472646251673,-0.00012469279658416295,1
14.596422924169147,0.002172225315841936,-0.00012485409182482304,1
14.60641966967905,0.002170976375903022,-0.00012501518153424125,1
14.61641640023779,0.0021697258284851806,-0.00012517606655918458,1
14.626413115883778,0.0021684736756308887,-0.00012533674774238822,1
14.63640981665528,0.0021672199193732977,-0.0001254972259225588,1
14.646406502590434,0.0021659645617377876,-0.00012565750193438356,1
14.656403173727245,0.0021647076047410785,-0.00012581757660856782,1
14.66639983010359,0.0021634490503914527,-0.00012597745077184665,1
14.676396471757215,0.0021621889006894213,-0.000126137125247032,1
14.686393098725729,0.0021609271576273903,-0.00012629660085301618,1
14.696389711046624,0.0021596638231887733,-0.00012645587840478067,1
14.70638630875725,0.002158398899349656,-0.00012661495871343242,1
14.716382891894833,0.002157132388077354,-0.00012677384258621497,1
14.72637946049647,0.002155864291331633,-0.0001269325308265542,1
14.736376014599132,0.0021545946110641534,-0.0001270910242340619,1
14.74637255423966,0.002153323349218361,-0.00012724932360454408,1
14.75636907945477,0.00215205050772993,-0.0001274074297300362,1
14.766365590281055,0.0021507760885265403,-0.0001275653433988143,1
14.776362086754975,0.0021495000935284336,-0.00012772306539543914,1
14.78635856891288,0.002148222524647081,-0.00012788059650075976,1
14.79635503679098,0.002146943383786848,-0.0001280379374919213,1
14.806351490425364,0.0021456626728444395,-0.00012819508914239968,1
14.816347929852,0.002144380393708567,-0.00012835205222201163,1
14.826344355106734,0.0021430965482601705,-0.00012850882749695802,1
14.836340766225288,0.00214181113837264,-0.00012866541572982706,1
14.846337163243255,0.002140524165911817,-0.00012882181767960194,1
14.85633354619612,0.002139235632735992,-0.00012897803410169464,1
14.866329915119236,0.002137945540695907,-0.00012913406574795546,1
14.876326270047846,0.0021366538916343103,-0.00012928991336671545,1
14.88632261101706,0.0021353606873874,-0.00012944557770278907,1
14.896318938061881,0.0021340659297832687,-0.00012960105949748194,1
14.906315251217185,0.0021327696206426827,-0.00012975635948862335,1
14.916311550517728,0.00213147176177908,-0.0001299114784105757,1
14.926307835998154,0.002130172354998905,-0.00013006641699427534,1
14.936304107692981,0.002128871402100496,-0.00013022117596723536,1
14.94630036563662,0.002127568904876198,-0.00013037575605355324,1
14.956296609863355,0.002126264865109806,-0.00013053015797394202,1
14.966292840407364,0.0021249592845786758,-0.00013068438244574,1
14.9762890573027,0.002123652165052836,-0.00013083843018294995,1
14.98628526058331,0.0021223435082953213,-0.0001309923018962422,1
14.99628145028302,0.0021210333160617267,-0.00013114599829296174,1
15.006277626435539,0.002119721590100543,-0.0001312995200771586,1
15.01627378907447,0.0021184083321539315,-0.00013145286794959707,1
15.02626993823329,0.0021170935439565053,-0.00013160604260779388,1
15.036266073945379,0.002115777227235549,-0.0001317590447460212,1
15.046262196243989,0.0021144593837124637,-0.00013191187505531325,1
15.05625830516227,0.0021131400151009894,-0.00013206453422349632,1
15.066254400733255,0.002111819123107872,-0.00013221702293519735,1
15.076250482989874,0.00211049670943364,-0.0001323693418718812,1
15.086246551964937,0.002109172775771606,-0.00013252149171185342,1
15.096242607691146,0.0021078473238083095,-0.00013267347313026685,1
15.1062386502011,0.00210652035522374,-0.00013282528679915055,1
15.116234679527272,0.0021051918716911144,-0.00013297693338741804,1
15.126230695702043,0.002103861874876767,-0.00013312841356090372,1
15.136226698757676,0.0021025303664405914,-0.0001332797279823652,1
15.14622268872633,0.0021011973480359325,-0.00013343087731149006,1
15.15621866564005,0.0020998628213094728,-0.00013358186220492363,1
15.166214629530783,0.0020985267879012337,-0.00013373268331627743,1
15.176210580430363,0.0020971892494446864,-0.00013388334129616421,1
15.186206518370518,0.002095850207567196,-0.0001340338367922002,1
15.196202443382875,0.0020945096638892435,-0.0001341841704490121,1
15.206198355498946,0.0020931676200247606,-0.0001343343429082634,1
15.21619425475015,0.0020918240775819053,-0.00013448435480866295,1
15.226190141167782,0.00209047903816173,-0.00013463420678599866,1
15.236186014783053,0.0020891325033596253,-0.00013478389947314018,1
15.246181875627059,0.0020877844747639873,-0.00013493343350004495,1
15.256177723730794,0.00208643495395755,-0.0001350828094937845,1
15.26617355912515,0.002085083942516275,-0.00013523202807855245,1
15.276169381840914,0.0020837314420102393,-0.00013538108987569723,1
15.28616519190878,0.0020823774540031925,-0.00013552999550372496,1
15.296160989359329,0.0020810219800526664,-0.0001356787455783049,1
15.306156774223043,0.0020796650217103085,-0.00013582734071229528,1
15.316152546530303,0.0020783065805209944,-0.0001359757815157508,1
15.32614830631139,0.002076946658024381,-0.0001361240685959547,1
15.336144053596486,0.002075585255753243,-0.00013627220255742106,1
15.346139788415668,0.002074222375234913,-0.0001364201840019005,1
15.35613551079892,0.0020728580179906198,-0.00013656801352840536,1
15.366131220776118,0.002071492185535373,-0.0001367156917332166,1
15.376126918377057,0.002070124879378299,-0.0001368632192099154,1
15.386122603631412,0.0020687561010227506,-0.000137010596549385,1
15.396118276568773,0.002067385851966086,-0.0001371578243398167,1
15.40611393721863,0.0020660141337000004,-0.00013730490316673371,1
15.41610958561037,0.0020646409477096395,-0.00013745183361299826,1
15.426105221773293,0.0020632662954752634,-0.000137598616258842,1
15.436100845736588,0.0020618901784706933,-0.000137745251681868,1
15.446096457529366,0.0020605125981645322,-0.00013789174045705647,1
15.456092057180625,0.002059133556018944,-0.00013803808315678782,1
15.466087644719282,0.002057753053490763,-0.00013818428035085006,1
15.476083220174148,0.0020563710920312728,-0.00013833033260646772,1
15.486078783573948,0.002054987673085873,-0.00013847624048830433,1
15.49607433494731,0.0020536027980946336,-0.0001386220045584676,1
15.50606987432276,0.00205221646849163,-0.00013876762537653203,1
15.516065401728744,0.002050828685705386,-0.00013891310349954588,1
15.5260609171936,0.0020494394511589853,-0.0001390584394820593,1
15.53605642074559,0.002048048766270072,-0.0001392036338761269,1
15.546051912412864,0.0020466566324507385,-0.00013934868723131238,1
15.556047392223494,0.0020452630511073044,-0.00013949360009471112,1
15.566042860205458,0.0020438680236410933,-0.00013963837301095636,1
15.576038316386642,0.0020424715514478775,-0.00013978300652224714,1
15.586033760794841,0.002041073635917545,-0.00013992750116835023,1
15.596029193457753,0.0020396742784349886,-0.00014007185748660507,1
15.606024614402997,0.002038273480379993,-0.0001402160760119454,1
15.616020023658091,0.002036871243126681,-0.00014036015727690536,1
15.626015421250472,0.002035467568043514,-0.0001405041018116466,1
15.636010807207478,0.002034062456494401,-0.00014064791014396007,1
15.646006181556368,0.0020326559098375885,-0.000140791582799271,1
15.656001544324305,0.0020312479294258834,-0.00014093512030065967,1
15.665996895538367,0.0020298385166073185,-0.00014107852316886779,1
15.675992235225548,0.0020284276727243755,-0.0001412217919223244,1
15.685987563412745,0.002027015399114651,-0.0001413649270771479,1
15.695982880126781,0.00202560169711008,-0.0001415079291471509,1
15.705978185394374,0.0020241865680382665,-0.00014165079864386008,1
15.715973479242173,0.0020227700132211535,-0.00014179353607652272,1
15.725968761696727,0.0020213520339754654,-0.00014193614195213142,1
15.735964032784505,0.002019932631613708,-0.00014207861677542665,1
15.745959292531893,0.0020185118074421693,-0.00014222096104890078,1
15.755954540965186,0.0020170895627626972,-0.00014236317527281816,1
15.7659497781106,0.0020156658988724763,-0.00014250525994522075,1
15.77594500399426,0.002014240817063473,-0.00014264721556195284,1
15.785940218642214,0.0020128143186222136,-0.00014278904261666298,1
15.79593542208042,0.002011386404831228,-0.00014293074160080834,1
15.805930614334754,0.0020099570769672725,-0.0001430723130036737,1
15.815925795431008,0.002008526336302663,-0.00014321375731237733,1
15.825920965394891,0.0020070941841048295,-0.00014335507501189482,1
15.835916124252032,0.002005660621636318,-0.0001434962665850609,1
15.84591127202797,0.0020042256501547895,-0.00014363733251257366,1
15.855906408748172,0.00200278927091313,-0.00014377827327301346,1
15.865901534438015,0.0020013514851596748,-0.00014391908934284793,1
15.875896649122804,0.0019999122941377623,-0.0001440597811964559,1
15.885891752827751,0.0019984716990857354,-0.00014420034930612852,1
15.895886845577996,0.001997029701238051,-0.00014434079414207395,1
15.905881927398594,0.0019955863018233932,-0.00014448111617243518,1
15.915876998314522,0.00199414150206656,-0.00014462131586329531,1
15.925872058350674,0.001992695303187908,-0.00014476139367870038,1
15.935867107531863,0.0019912477064020218,-0.00014490135008066076,1
15.945862145882831,0.0019897987129200434,-0.0001450411855291557,1
15.95585717342823,0.0019883483239482302,-0.00014518090048215034,1
15.965852190192646,0.0019868965406875105,-0.00014532049539560146,1
15.975847196200572,0.001985443364335149,-0.0001454599707234791,1
15.985842191476436,0.0019839887960838576,-0.0001455993269177684,1
15.995837176044581,0.0019825328371213535,-0.00014573856442847354,1
16.005832149929276,0.0019810754886309123,-0.0001458776837036348,1
16.015827113154707,0.001979616751791702,-0.00014601668518933347,1
16.02582206574498,0.001978156627778116,-0.00014615556932971342,1
16.03581700772414,0.001976695117760663,-0.00014629433656698264,1
16.045811939116145,0.0019752322229042996,-0.0001464329873414171,1
16.05580685994487,0.0019737679443707634,-0.00014657152209137712,1
16.065801770234128,0.001972302283317018,-0.0001467099412533129,1
16.07579667000765,0.0019708352408953633,-0.0001468482452617847,1
16.0857915592891,0.0019693668182543256,-0.00014698643454946476,1
16.095786438102042,0.0019678970165376564,-0.00014712450954714091,1
16.105781306469996,0.0019664258368847776,-0.0001472624706837327,1
16.115776164416385,0.0019649532804311143,-0.00014740031838629617,1
16.12577101196457,0.0019634793483078727,-0.0001475380530800442,1
16.135765849137837,0.0019620040416415963,-0.00014767567518834775,1
16.14576067595939,0.0019605273615552754,-0.00014781318513273982,1
16.155755492452375,0.0019590493091667938,-0.00014795058333293091,1
16.16575029863984,0.0019575698855909263,-0.00014808787020681373,1
16.17574509454479,0.00195608909193723,-0.00014822504617048317,1
16.185739880190138,0.0019546069293118196,-0.00014836211163823717,1
16.19573465559873,0.0019531233988163699,-0.00014849906702258102,1
16.20572942079334,0.0019516385015483362,-0.00014863591273424185,1
16.21572417579667,0.0019501522386015102,-0.00014877264918217365,1
16.225718920631348,0.0019486646110652428,-0.00014890927677357627,1
16.235713655319934,0.001947175620024777,-0.00014904579591389669,1
16.245708379884913,0.001945685266561803,-0.00014918220700683275,1
16.25570309434871,0.0019441935517532372,-0.00014931851045434775,1
16.26569779873367,0.0019427004766727762,-0.00014945470665667492,1
16.275692493062063,0.0019412060423891209,-0.00014959079601233622,1
16.285687177356106,0.0019397102499683072,-0.00014972677891814345,1
16.29568185163793,0.0019382131004711534,-0.0001498626557692019,1
16.3056765159296,0.0019367145949553688,-0.00014999842695892433,1
16.315671170253122,0.0019352147344745552,-0.0001501340928790358,1
16.325665814630426,0.0019337135200779842,-0.00015026965391959138,1
16.335660449083367,0.0019322109528115972,-0.00015040511046897752,1
16.345655073633736,0.0019307070337171162,-0.00015054046291391543,1
16.355649688303263,0.0019292017638328218,-0.00015067571163947512,1
16.3656442931136,0.0019276951441922208,-0.00015081085702907951,1
16.375638888086343,0.001926187175826044,-0.00015094589946452216,1
16.385633473243008,0.0019246778597605818,-0.00015108083932596842,1
16.395628048605055,0.0019231671970185715,-0.00015121567699195887,1
16.405622614193867,0.001921655188619309,-0.0001513504128394225,1
16.415617170030764,0.001920141835577427,-0.00015148504724368117,1
16.425611716137002,0.0019186271389046716,-0.00015161958057846668,1
16.435606252533766,0.0019171110996085705,-0.00015175401321592178,1
16.445600779242184,0.0019155937186930982,-0.00015188834552660367,1
16.455595296283306,0.0019140749971586768,-0.0001520225778794968,1
16.46558980367813,0.0019125549360016203,-0.0001521567106420174,1
16.47558430144758,0.0019110335362151343,-0.00015229074418002958,1
16.485578789612514,0.0019095107987884274,-0.00015242467885784696,1
16.49557326819373,0.0019079867247073778,-0.00015255851503823557,1
16.505567737211962,0.0019064613149534226,-0.00015269225308242677,1
16.515562196687878,0.0019049345705054455,-0.00015282589335012094,1
16.52555664664207,0.001903406492337889,-0.00015295943619950386,1
16.535551087095094,0.0019018770814225316,-0.00015309288198724793,1
16.545545518067414,0.0019003463387270436,-0.00015322623106851492,1
16.555539939579443,0.0018988142652149875,-0.00015335948379696865,1
16.565534351651536,0.0018972808618474835,-0.0001534926405247789,1
16.57552875430398,0.0018957461295815436,-0.00015362570160263697,1
16.585523147556998,0.0018942100693707387,-0.00015375866737975694,1
16.595517531430747,0.0018926726821650863,-0.00015389153820387838,1
16.605511905945335,0.0018911339689113849,-0.000154024314421279,1
16.615506271120786,0.0018895939305531018,-0.00015415699637677768,1
16.62550062697709,0.0018880525680294857,-0.00015428958441375033,1
16.63549497353415,0.001886509882277232,-0.00015442207887413062,1
16.64548931081183,0.0018849658742291497,-0.00015455448009841323,1
16.65548363882991,0.00188342054481494,-0.00015468678842566527,1
16.665477957608122,0.0018818738949604175,-0.00015481900419353007,1
16.675472267166143,0.0018803259255887328,-0.0001549511277382423,1
16.685466567523576,0.0018787766376190396,-0.00015508315939462871,1
16.69546085869998,0.0018772260319673828,-0.0001552150994961112,1
16.705455140714836,0.001875674109547032,-0.00015534694837471798,1
16.715449413587578,0.0018741208712670376,-0.00015547870636108745,1
16.725443677337573,0.0018725663180334529,-0.00015561037378448254,1
16.73543793198413,0.001871010450749222,-0.00015574195097279155,1
16.745432177546505,0.0018694532703140698,-0.00015587343825253127,1
16.75542641404389,0.0018678947776242794,-0.00015600483594885794,1
16.765420641495414,0.001866334973573136,-0.00015613614438557064,1
16.775414859920158,0.0018647738590500396,-0.0001562673638851255,1
16.78540906933714,0.001863211434941947,-0.00015639849476863695,1
16.795403269765316,0.001861647702132374,-0.00015652953735587988,1
16.805397461223585,0.0018600826615012833,-0.0001566604919653008,1
16.81539164373079,0.0018585163139263061,-0.00015679135891402132,1
16.82538581730573,0.0018569486602805219,-0.00015692213851785158,1
16.83537998196712,0.0018553797014355666,-0.00015705283109129146,1
16.845374137733632,0.0018538094382583026,-0.00015718343694753298,1
16.855368284623886,0.0018522378716138155,-0.0001573139563984711,1
16.865362422656435,0.0018506650023631943,-0.00015744438975470683,1
16.875356551849787,0.0018490908313647525,-0.0001575747373255608,1
16.885350672222383,0.0018475153594736948,-0.00015770499941907394,1
16.895344783792616,0.0018459385875421175,-0.00015783517634201038,1
16.905338886578818,0.001844360516419452,-0.00015796526839986736,1
16.915332980599263,0.0018427811469513555,-0.00015809527589687858,1
16.92532706587218,0.0018412004799808201,-0.00015822519913602729,1
16.93532114241573,0.0018396185163480627,-0.00015835503841904708,1
16.94531521024803,0.0018380352568897473,-0.00015848479404642445,1
16.95530926938713,0.0018364507024399845,-0.0001586144663174088,1
16.96530331985104,0.0018348648538298873,-0.0001587440555300156,1
16.975297361657702,0.0018332777118872379,-0.00015887356198103885,1
16.985291394825015,0.001831689277437154,-0.0001590029859660523,1
16.995285419370816,0.001830099551301645,-0.00015913232777941183,1
17.005279435312897,0.001828508534299944,-0.00015926158771426485,1
17.01527344266898,0.0018269162272483985,-0.00015939076606255365,1
17.025267441456744,0.0018253226309600246,-0.00015951986311502759,1
17.035261431693822,0.001823727746245729,-0.00015964887916124416,1
17.045255413397783,0.0018221315739128663,-0.00015977781448957106,1
17.055249386586137,0.0018205341147657927,-0.00015990666938719587,1
17.065243351276358,0.0018189353696064225,-0.000160035444140129,1
17.075237307485864,0.0018173353392338942,-0.00016016413903321581,1
17.085231255232014,0.0018157340244442377,-0.00016029275435013724,1
17.09522519453211,0.0018141314260304853,-0.00016042129037341214,1
17.105219125403416,0.0018125275447833378,-0.00016054974738440682,1
17.115213047863133,0.0018109223814904984,-0.00016067812566333738,1
17.12520696192842,0.0018093159369364509,-0.000160806425489282,1
17.135200867616366,0.0018077082119036803,-0.00016093464714018134,1
17.145194764944037,0.001806099207171341,-0.0001610627908928409,1
17.155188653928423,0.0018044889235157013,-0.0001611908570229401,1
17.16518253458647,0.0018028773617110305,-0.00016131884580503504,1
17.175176406935087,0.0018012645225280455,-0.0001614467575125699,1
17.18517027099111,0.0017996504067351315,-0.00016157459241787777,1
17.195164126771346,0.0017980350150978985,-0.0001617023507921829,1
17.205157974292533,0.0017964183483791807,-0.00016183003290560916,1
17.21515181357137,0.0017948004073390367,-0.00016195763902718323,1
17.225145644624508,0.0017931811927353047,-0.0001620851694248453,1
17.23513946746853,0.0017915607053228255,-0.00016221262436544998,1
17.245133282119998,0.001789938945853553,-0.00016234000411476855,1
17.2551270885954,0.001788315915076999,-0.0001624673089374975,1
17.26512088691119,0.0017866916137403432,-0.00016259453909726093,1
17.275114677083767,0.0017850660425875464,-0.00016272169485662152,1
17.28510845912948,0.0017834392023606815,-0.0001628487764770816,1
17.295102233064632,0.001781811093798158,-0.0001629757842190848,1
17.305095998905475,0.0017801817176369417,-0.00016310271834202438,1
17.31508975666821,0.001778551074610557,-0.0001632295791042462,1
17.32508350636901,0.00177691916545053,-0.00016335636676305891,1
17.335077248023964,0.001775285990885278,-0.00016348308157473475,1
17.34507098164914,0.00177365155164122,-0.00016360972379451157,1
17.355064707260556,0.001772015848441888,-0.00016373629367660118,1
17.36505842487417,0.001770378882008261,-0.00016386279147419141,1
17.37505213450591,0.0017687406530589866,-0.00016398921743945697,1
17.38504583617164,0.0017671011623101585,-0.00016411557182355966,1
17.395039529887185,0.0017654604104752059,-0.0001642418548766507,1
17.405033215668325,0.0017638183982651157,-0.0001643680668478783,1
17.415026893530786,0.0017621751263882102,-0.00016449420798539036,1
17.425020563490257,0.0017605305955511463,-0.00016462027853634447,1
17.435014225562366,0.0017588848064571394,-0.00016474627874690843,1
17.44500787976272,0.0017572377598074063,-0.00016487220886226235,1
17.455001526106848,0.0017555894563004992,-0.00016499806912660624,1
17.46499516461026,0.0017539398966329722,-0.00016512385978316254,1
17.47498879528841,0.0017522890814984926,-0.0001652495810741857,1
17.484982418156697,0.0017506370115885073,-0.000165375233240963,1
17.49497603323049,0.0017489836875920206,-0.00016550081652381643,1
17.504969640525108,0.0017473291101958166,-0.00016562633116211017,1
17.51496324005582,0.0017456732800840147,-0.00016575177739425276,1
17.524956831837848,0.0017440161979384028,-0.00016587715545770678,1
17.534950415886385,0.0017423578644383264,-0.0001660024655889896,1
17.54494399221656,0.0017406982802615767,-0.0001661277080236748,1
17.554937560843467,0.001739037446082059,-0.0001662528829964,1
17.56493112178216,0.0017373753625729016,-0.00016637799074086876,1
17.574924675047637,0.001735712030404013,-0.0001665030314898602,1
17.584918220654867,0.0017340474502430814,-0.00016662800547522917,1
17.594911758618757,0.0017323816227555744,-0.0001667529129279085,1
17.604905288954185,0.0017307145486048503,-0.00016687775407791584,1
17.614898811675978,0.0017290462284514918,-0.0001670025291543559,1
17.624892326798925,0.0017273766629544163,-0.0001671272383854297,1
17.634885834337762,0.0017257058527698765,-0.00016725188199843486,1
17.6448793343072,0.0017240337985514609,-0.00016737646021976755,1
17.65487282672188,0.0017223605009517584,-0.0001675009732749295,1
17.66486631159642,0.0017206859606198055,-0.00016762542138852978,1
17.674859788945398,0.0017190101782028622,-0.0001677498047842943,1
17.684853258783335,0.001717333154346412,-0.0001678741236850657,1
17.69484672112472,0.0017156548896929413,-0.00016799837831280557,1
17.704840175983993,0.0017139753848830486,-0.00016812256888860087,1
17.714833623375558,0.0017122946405554451,-0.00016824669563266626,1
17.72482706331377,0.0017106126573462888,-0.00016837075876435247,1
17.73482049581295,0.0017089294358897389,-0.00016849475850214707,1
17.744813920887367,0.0017072449768176234,-0.0001686186950636761,1
17.754807338551267,0.0017055592807591058,-0.00016874256866571065,1
17.764800748818832,0.0017038723483424612,-0.0001688663795241688,1
17.774794151704214,0.001702184180192634,-0.00016899012785412423,1
17.78478754722153,0.0017004947769332368,-0.0001691138138698066,1
17.794780935384843,0.001698804139185106,-0.0001692374377846033,1
17.804774316208178,0.0016971122675673023,-0.00016936099981106577,1
17.814767689705526,0.0016954191626964432,-0.0001694845001609115,1
17.824761055890836,0.0016937248251875925,-0.00016960793904503236,1
17.83475441477801,0.001692029255653149,-0.0001697313166734949,1
17.844747766380912,0.0016903324547041798,-0.00016985463325554207,1
17.854741110713377,0.0016886344229484207,-0.00016997788899959955,1
17.86473444778918,0.0016869351609928307,-0.00017010108411327752,1
17.874727777622073,0.0016852346694414821,-0.00017022421880337891,1
17.884721100225754,0.00168353294889656,-0.00017034729327589971,1
17.8947144156139,0.001681829999958362,-0.00017047030773603057,1
17.904707723800136,0.001680125823225076,-0.0001705932623881629,1
17.91470102479804,0.00167842041929267,-0.00017071615743589075,1
17.924694318621167,0.0016767137887553352,-0.00017083899308201875,1
17.93468760528302,0.0016750059322053756,-0.00017096176952856228,1
17.944680884797073,0.0016732968502322088,-0.00017108448697674946,1
17.954674157176754,0.0016715865434243637,-0.00017120714562702646,1
17.96466742243546,0.0016698750123679273,-0.00017132974567906015,1
17.974660680586542,0.0016681622576467658,-0.000171452287331745,1
17.98465393164331,0.0016664482798429692,-0.00017157477078320394,1
17.994647175619047,0.0016647330795365178,-0.00017169719623078982,1
18.004640412526992,0.001663016657305838,-0.00017181956387109104,1
18.014633642380343,0.0016612990137266914,-0.00017194187389993362,1
18.024626865192257,0.0016595801493736184,-0.00017206412651238811,1
18.034620080975866,0.001657860064818828,-0.00017218632190277078,1
18.044613289744255,0.0016561387606327527,-0.00017230846026464444,1
18.054606491510466,0.0016544162373834936,-0.00017243054179082436,1
18.064599686287515,0.0016526924956375977,-0.0001725525666733801,1
18.07459287408838,0.0016509675359597242,-0.00017267453510364268,1
18.084586054925996,0.0016492413589124233,-0.000172796447272205,1
18.09457922881326,0.0016475139650566906,-0.00017291830336892312,1
18.10457239576304,0.0016457853549509682,-0.00017304010358292225,1
18.114565555788158,0.0016440555291526993,-0.00017316184810259785,1
18.1245587089014,0.0016423244882167731,-0.00017328353711562304,1
18.134551855115525,0.001640592232696303,-0.00017340517080894914,1
18.144544994443248,0.0016388587631426255,-0.00017352674936880666,1
18.154538126897247,0.0016371240801056341,-0.0001736482729807111,1
18.16453125249016,0.001635388184132558,-0.0001737697418294643,1
18.174524371234604,0.0016336510757692935,-0.00017389115609916153,1
18.18451748314315,0.00163191275555985,-0.00017401251597319196,1
18.19451058822833,0.0016301732240465716,-0.0001741338216342398,1
18.204503686502637,0.0016284324817695817,-0.00017425507326428966,1
18.21449677797855,0.0016266905292673384,-0.00017437627104462835,1
18.224489862668488,0.0016249473670766346,-0.00017449741515585126,1
18.23448294058484,0.0016232029957322647,-0.0001746185057778629,1
18.244476011739966,0.0016214574157676909,-0.0001747395430898783,1
18.254469076146197,0.0016197106277138218,-0.00017486052727042818,1
18.264462133815815,0.0016179626321002338,-0.00017498145849736025,1
18.27445518476107,0.00161621342945506,-0.0001751023369478459,1
18.284448228994183,0.0016144630203038801,-0.000175223162798381,1
18.294441266527336,0.0016127114051710523,-0.0001753439362247865,1
18.304434297372676,0.0016109585845791585,-0.00017546465740221395,1
18.314427321542315,0.0016092045590491155,-0.00017558532650514694,1
18.324420339048338,0.0016074493290995084,-0.00017570594370740732,1
18.33441334990279,0.0016056928952479232,-0.00017582650918215585,1
18.34440635411767,0.0016039352580096145,-0.0001759470231018932,1
18.35439935170497,0.0016021764178986153,-0.00017606748563846512,1
18.364392342676627,0.0016004163754271827,-0.00017618789696306368,1
18.374385327044546,0.0015986551311053532,-0.0001763082572462336,1
18.384378304820604,0.0015968926854420529,-0.0001764285666578729,1
18.39437127601665,0.0015951290389443207,-0.0001765488253672337,1
18.404364240644487,0.0015933641921175301,-0.00017666903354292724,1
18.414357198715887,0.0015915981454649453,-0.00017678919135292507,1
18.424350150242592,0.001589830899488831,-0.00017690929896456558,1
18.434343095236315,0.001588062454689454,-0.000177029356544554,1
18.44433603370873,0.0015862928115654151,-0.0001771493642589636,1
18.454328965671476,0.0015845219706136504,-0.00017726932227324054,1
18.464321891136162,0.0015827499323297634,-0.00017738923075220534,1
18.47431481011437,0.001580976697207137,-0.0001775090898600585,1
18.48430772261764,0.0015792022657379334,-0.00017762889976038115,1
18.494300628657484,0.001577426638412316,-0.0001777486606161362,1
18.504293528245384,0.0015756498157195598,-0.00017786837258967284,1
18.514286421392786,0.0015738717981464978,-0.00017798803584272784,1
18.524279308111097,0.0015720925861786306,-0.0001781076505364314,1
18.53427218841171,0.0015703121803002373,-0.0001782272168313078,1
18.544265062305968,0.001568530580993488,-0.00017834673488727602,1
18.55425792980519,0.001566747788739109,-0.00017846620486365456,1
18.564250790920664,0.0015649638040162728,-0.0001785856269191627,1
18.574243645663646,0.0015631786273027082,-0.0001787050012119262,1
18.584236494045363,0.0015613922590741458,-0.00017882432789947754,1
18.594229336077,0.001559604699805317,-0.0001789436071387571,1
18.60422217176972,0.0015578159499691768,-0.00017906283908611747,1
18.614215001134657,0.0015560260100366818,-0.00017918202389732485,1
18.624207824182896,0.0015542348804777895,-0.00017930116172756424,1
18.634200640925513,0.0015524425617607918,-0.00017942025273144025,1
18.644193451373546,0.0015506490543520934,-0.00017953929706297794,1
18.654186255537997,0.001548854358717211,-0.00017965829487562695,1
18.664179053429837,0.0015470584753195515,-0.0001797772463222629,1
18.674171845060012,0.0015452614046211899,-0.00017989615155519287,1
18.684164630439444,0.0015434631470829796,-0.0001800150107261558,1
18.694157409579,0.0015416637031635538,-0.0001801338239863231,1
18.704150182489535,0.0015398630733205465,-0.0001802525914863033,1
18.71414294918188,0.0015380612580103703,-0.00018037131337614312,1
18.72413570966682,0.0015362582576869954,-0.00018048998980533268,1
18.734128463955113,0.001534454072804059,-0.0001806086209228058,1
18.744121212057493,0.0015326487038126446,-0.00018072720687694124,1
18.754113953984668,0.0015308421511631698,-0.00018084574781556659,1
18.764106689747305,0.0015290344153042756,-0.00018096424388595943,1
18.774099419356038,0.00152722549668316,-0.00018108269523485257,1
18.78409214282149,0.0015254153957450223,-0.00018120110200843447,1
18.794084860154243,0.0015236041129348399,-0.00018131946435235005,1
18.80407757136484,0.0015217916486948146,-0.00018143778241170466,1
18.814070276463813,0.0015199780034665933,-0.00018155605633106534,1
18.82406297546166,0.0015181631776898241,-0.00018167428625446582,1
18.834055668368844,0.0015163471718032673,-0.00018179247232540677,1
18.844048355195792,0.0015145299862434625,-0.00018191061468685672,1
18.85404103595292,0.0015127116214468384,-0.0001820287134812562,1
18.864033710650606,0.001510892077846715,-0.00018214676885051857,1
18.874026379299195,0.0015090713558766344,-0.00018226478093603504,1
18.884019041909013,0.0015072494559672522,-0.00018238274987867514,1
18.894011698490356,0.0015054263785488908,-0.00018250067581878753,1
18.90400434905348,0.0015036021240502073,-0.00018261855889620363,1
18.91399699360862,0.0015017766928979714,-0.00018273639925023906,1
18.923989632165988,0.0014999500855185088,-0.00018285419701969823,1
18.933982264735764,0.0014981223023358137,-0.00018297195234287473,1
18.943974891328093,0.001496293343772881,-0.00018308966535755204,1
18.9539675119531,0.0014944632102515953,-0.00018320733620100764,1
18.96396012662088,0.0014926319021919543,-0.00018332496501001372,1
18.973952735341502,0.001490799420013178,-0.00018344255192084203,1
18.983945338125,0.0014889657641325993,-0.00018356009706926418,1
18.993937934981385,0.0014871309349664408,-0.00018367760059055243,1
19.00393052592065,0.0014852949329295928,-0.00018379506261948352,1
19.013923110952746,0.0014834577584355024,-0.00018391248329033939,1
19.02391569008759,0.0014816194118963955,-0.00018402986273691194,1
19.0339082633351,0.0014797798937231654,-0.00018414720109250342,1
19.043900830705145,0.0014779392043252626,-0.00018426449848992703,1
19.053893392207563,0.001476097344110805,-0.0001843817550615106,1
19.063885947852178,0.0014742543134866892,-0.0001844989709390978,1
19.073878497648792,0.0014724101128582578,-0.00018461614625405227,1
19.08387104160716,0.001470564742630187,-0.00018473328113725816,1
19.093863579737025,0.0014687182032050439,-0.00018485037571912082,1
19.1038561120481,0.0014668704949846179,-0.00018496743012957044,1
19.113848638550067,0.0014650216183691445,-0.00018508444449806283,1
19.123841159252585,0.001463171573757971,-0.00018520141895358395,1
19.133833674165285,0.001461320361548557,-0.00018531835362465014,1
19.14382618329778,0.0014594679821373635,-0.00018543524863930908,1
19.15381868665964,0.0014576144359194076,-0.00018555210412514282,1
19.16381118426042,0.0014557597232893738,-0.00018566892020926905,1
19.173803676109653,0.0014539038446391706,-0.00018578569701834538,1
19.18379616221684,0.0014520468003605957,-0.00018590243467856958,1
19.193788642591446,0.0014501885908435597,-0.0001860191333156801,1
19.203781117242926,0.0014483292164773065,-0.00018613579305495976,1
19.213773586180704,0.001446468677649082,-0.00018625241402123654,1
19.223766049414177,0.001444606974745577,-0.0001863689963388876,1
19.23375850695271,0.0014427441081517056,-0.00018648554013183971,1
19.243750958805656,0.0014408800782516051,-0.00018660204552357003,1
19.253743404982334,0.0014390148854276363,-0.0001867185126371093,1
19.26373584549204,0.001437148530061827,-0.00018683494159504277,1
19.273728280344034,0.0014352810125338733,-0.00018695133251951413,1
19.283720709547577,0.0014334123332230275,-0.0001870676855322262,1
19.293713133111876,0.0014315424925074316,-0.00018718400075444118,1
19.30370555104612,0.001429671490763007,-0.00018730027830698412,1
19.313697963359488,0.0014277993283655643,-0.00018741651831024375,1
19.323690370061122,0.0014259260056892487,-0.00018753272088417656,1
19.33368277116014,0.001424051523106984,-0.00018764888614830675,1
19.343675166665633,0.0014221758809906948,-0.00018776501422172734,1
19.353667556586675,0.0014202990797110848,-0.0001878811052231031,1
19.36365994093231,0.0014184211196375252,-0.00018799715927067135,1
19.373652319711546,0.0014165420011381658,-0.00018811317648224592,1
19.38364469293339,0.0014146617245800464,-0.0001882291569752175,1
19.393637060606817,0.0014127802903292075,-0.00018834510086655434,1
19.403629422740767,0.0014108976987504684,-0.00018846100827280503,1
19.413621779344158,0.0014090139502074273,-0.00018857687931009954,1
19.423614130425893,0.0014071290450625717,-0.00018869271409415302,1
19.43360647599485,0.0014052429836769464,-0.00018880851274026615,1
19.44359881605987,0.0014033557664107077,-0.00018892427536332533,1
19.453591150629777,0.0014014673936230126,-0.00018904000207780632,1
19.463583479713385,0.0013995778656717972,-0.00018915569299777474,1
19.473575803319466,0.001397687182913554,-0.0001892713482368897,1
19.48356812145677,0.0013957953457038874,-0.00018938696790840416,1
19.49356043413403,0.0013939023543972917,-0.00018950255212516577,1
19.503552741359957,0.0013920082093471509,-0.00018961810099961943,1
19.513545043143232,0.0013901129109055166,-0.00018973361464380838,1
19.52353733949251,0.0013882164594236635,-0.00018984909316937764,1
19.53352963041643,0.0013863188552513117,-0.00018996453668757444,1
19.54352191592361,0.0013844200987375155,-0.0001900799453092488,1
19.55351419602263,0.0013825201902301076,-0.00019019531914485618,1
19.56350647072206,0.0013806191300755888,-0.0001903106583044586,1
19.573498740030452,0.0013787169186194603,-0.00019042596289772803,1
19.58349100395632,0.0013768135562065575,-0.00019054123303394654,1
19.593483262508155,0.0013749090431799393,-0.00019065646882200708,1
19.60347551569444,0.0013730033798818875,-0.00019077167037041622,1
19.613467763523627,0.0013710965666539066,-0.00019088683778729484,1
19.62346000600413,0.0013691886038356138,-0.00019100197118038145,1
19.633452243144372,0.0013672794917665154,-0.0001911170706570329,1
19.643444474952734,0.0013653692307846743,-0.00019123213632422464,1
19.65343670143757,0.001363457821226488,-0.00019134716828855328,1
19.663428922607217,0.0013615452634283542,-0.00019146216665623774,1
19.673421138469998,0.001359631557724894,-0.00019157713153312243,1
19.68341334903421,0.0013577167044498406,-0.00019169206302467766,1
19.693405554308114,0.0013558007039358166,-0.00019180696123599972,1
19.70339775429996,0.0013538835565145568,-0.00019192182627181427,1
19.71338994901798,0.0013519652625167966,-0.00019203665823647667,1
19.723382138470374,0.001350045822271717,-0.0001921514572339752,1
19.733374322665327,0.0013481252361084994,-0.00019226622336793146,1
19.743366501610996,0.0013462035043539933,-0.0001923809567416011,1
19.75335867531553,0.0013442806273349373,-0.0001924956574578761,1
19.763350843787038,0.0013423566053766267,-0.0001926103256192857,1
19.77334300703361,0.0013404314388038019,-0.00019272496132799943,1
19.78333516506333,0.0013385051279397597,-0.00019283956468582776,1
19.79332731788425,0.001336577673106687,-0.00019295413579422215,1
19.803319465504387,0.0013346490746262152,-0.0001930686747542779,1
19.81331160793176,0.0013327193328186437,-0.00019318318166673475,1
19.823303745174357,0.0013307884480030507,-0.00019329765663198014,1
19.833295877240143,0.0013288564204982922,-0.00019341209975004916,1
19.843288004137055,0.0013269232506213369,-0.00019352651112062536,1
19.853280125873027,0.0013249889386887093,-0.00019364089084304318,1
19.863272242455956,0.0013230534850158238,-0.00019375523901628866,1
19.87326435389372,0.0013211168899170955,-0.00019386955573900234,1
19.883256460194186,0.0013191791537059405,-0.00019398384110947973,1
19.89324856136519,0.0013172402766947755,-0.0001940980952256718,1
19.903240657414553,0.001315300259195018,-0.00019421231818518732,1
19.913232748350065,0.0013133591015173085,-0.00019432651008529343,1
19.923224834179504,0.001311416803970955,-0.00019444067102291897,1
19.933216914910638,0.0013094733668647107,-0.00019455480109465464,1
19.943208990551184,0.0013075287905057742,-0.00019466890039675295,1
19.953201061108864,0.0013055830752014552,-0.00019478296902513155,1
19.963193126591378,0.001303636221256843,-0.00019489700707537344,1
19.97318518700639,0.001301688228976694,-0.0001950110146427296,1
19.983177242361556,0.001299739098665209,-0.00019512499182211928,1
20.1163984239773,0.0012740871008606362,-0.0001900072379768561,2
20.249619605593043,0.001249105719331817,-0.0001850561754236817,2
20.38284078720879,0.0012247731817563124,-0.00018026533119832585,2
20.51606196882453,0.0012010685585694873,-0.00017562852369932216,2
20.649283150440276,0.00117797172515061,-0.00017113984779546602,2
20.782504332056018,0.001155463325935627,-0.00016679366078418858,2
20.915725513671763,0.001133524740346885,-0.00016258456914716336,2
21.048946695287505,0.0011121380504369913,-0.00015850741605317187,2
21.18216787690325,0.0010912860101503698,-0.00015455726956167126,2
21.315389058518992,0.0010709520161121166,-0.00015072941148368515,2
21.448610240134737,0.001051120079859283,-0.00014701932685956814,2
21.58183142175048,0.0010317748014349733,-0.00014342269401592156,2
21.715052603366225,0.0010129013442704525,-0.00013993537516645494,2
21.848273784981966,0.0009944854112850289,-0.00013655340752393217,2
21.98149496659771,0.0009765132221376808,-0.00013327299489250685,2
22.114716148213454,0.0009589714915683703,-0.0001300904997117733,2
22.2479373298292,0.0009418474087706611,-0.00012700243552572407,2
22.381158511444944,0.0009251286177407331,-0.00012400545985155164,2
22.514379693060686,0.0009088031985510985,-0.00012109636742484276,2
22.64760087467643,0.0008928596495003518,-0.00011827208379922159,2
22.780822056292173,0.0008772868700931279,-0.00011552965927989641,2
22.91404323790792,0.0008620741448070666,-0.0001128662631718646,2
23.04726441952366,0.0008472111276060915,-0.00011027917832474823,2
23.180485601139406,0.0008326878271616129,-0.00010776579595735688,2
23.313706782755148,0.0008184945927454656,-0.00010532361074613355,2
23.446927964370893,0.0008046221007604181,-0.00010295021616261535,2
23.580149145986635,0.0007910613418760275,-0.00010064330004596264,2
23.71337032760238,0.0007778036087393965,-9.840064039745954e-05,2
23.846591509218122,0.0007648404842320968,-9.622010138469146e-05,2
23.979812690833867,0.0007521638302460955,-9.40996295438461e-05,2
24.113033872449613,0.0007397657769530285,-9.203725016928488e-05,2
24.246255054065355,0.0007276387125425523,-9.003106388017842e-05,2
24.379476235681096,0.0007157752734068344,-8.807924335461068e-05,2
24.51269741729684,0.0007041683347494808,-8.618003022212479e-05,2
24.645918598912587,0.000692811001598362,-8.433173210621531e-05,2
24.77913978052833,0.0006816966002028995,-8.25327198087703e-05,2
24.912360962144074,0.0006708186697974093,-8.078142462893355e-05,2
25.045582143759816,0.0006601709547130738,-7.90763358092945e-05,2
25.17880332537556,0.0006497473968220239,-7.741599810272147e-05,2
25.312024506991303,0.0006395421282978903,-7.579900945354003e-05,2
25.44524568860705,0.0006295494646779811,-7.422401878711566e-05,2
25.57846687022279,0.0006197638982130304,-7.268972390224015e-05,2
25.711688051838536,0.000610180091491169,-7.119486946103535e-05,2
25.84490923345428,0.000600792871323468,-6.973824507138764e-05,2
25.978130415070023,0.000591597222879041,-6.831868345720362e-05,2
26.111351596685765,0.0005825882840583044,-6.693505871204125e-05,2
26.24457277830151,0.0005737613400935741,-6.558628463191619e-05,2
26.377793959917256,0.0005651118183667133,-6.427131312331541e-05,2
26.511015141532997,0.0005566352834340675,-6.298913268266649e-05,2
26.64423632314874,0.0005483274322494037,-6.173876694371746e-05,2
26.777457504764484,0.0005401840895760337,-6.051927328947336e-05,2
26.91067868638023,0.0005322012035797341,-5.9329741525517876e-05,2
27.04389986799597,0.0005243748415944852,-5.8169292611717854e-05,2
27.177121049611717,0.0005167011860534443,-5.7037077449470295e-05,2
27.31034223122746,0.0005091765305779347,-5.59322757218026e-05,2
27.443563412843204,0.0005017972762175764,-5.485409478377821e-05,2
27.576784594458946,0.0004945599278350264,-5.38017686007961e-05,2
27.71000577607469,0.00048746109062909257,-5.277455673249715e-05,2
27.843226957690433,0.0004804974667903008,-5.177174336011204e-05,2
27.97644813930618,0.0004736658522832555,-5.0792636355195566e-05,2
28.109669320921924,0.00046696313375042126,-4.9836566387801184e-05,2
28.242890502537666,0.0004603862855321873,-4.890288607224756e-05,2
28.376111684153408,0.00045393236679832884,-4.7990969148725186e-05,2
28.509332865769153,0.00044759851878620064,-4.710020969908005e-05,2
28.6425540473849,0.00044138196214121806,-4.623002139519574e-05,2
28.77577522900064,0.0004352799943553794,-4.537983677847517e-05,2
28.908996410616382,0.00042928998729978524,-4.4549106568998895e-05,2
29.042217592232127,0.00042340938484729197,-4.3737299003008007e-05,2
29.175438773847873,0.00041763570058161114,-4.2943899197427244e-05,2
29.308659955463614,0.00041196651558933413,-4.216840854020725e-05,2
29.441881137079356,0.00040639947633152126,-4.1410344105326025e-05,2
29.5751023186951,0.0004009322925916447,-4.066923809134614e-05,2
29.708323500310847,0.00039556273549681684,-3.994463728247856e-05,2
29.841544681926592,0.00039028863560937186,-3.9236102531155016e-05,2
29.974765863542334,0.0003851078810860009,-3.854320826115936e-05,2
30.107987045158076,0.0003800184159017613,-3.786554199041434e-05,2
30.24120822677382,0.0003750182381363994,-3.720270387256351e-05,2
30.374429408389567,0.00037010539832053825,-3.655430625652971e-05,2
30.50765059000531,0.0003652779978393876,-3.591997326326963e-05,2
30.64087177162105,0.0003605341873917342,-3.529934037898232e-05,2
30.774092953236796,0.00035587216550207024,-3.4692054064063636e-05,2
30.90731413485254,0.00035129017708380544,-3.409777137713245e-05,2
31.040535316468283,0.0003467865120515984,-3.3516159613485835e-05,2
31.173756498084025,0.0003423595039809266,-3.294689595737059e-05,2
31.30697767969977,0.00033800752881309377,-3.2389667147487026e-05,2
31.440198861315515,0.00033372900360394906,-3.1844169155167855e-05,2
31.573420042931257,0.000329522385314664,-3.1310106874700614e-05,2
31.706641224547003,0.0003253861696429854,-3.0787193825286755e-05,2
31.839862406162744,0.000321318889893445,-3.027515186415369e-05,2
31.97308358777849,0.00031731911588507155,-2.9773710910357557e-05,2
32.106304769394235,0.0003133854528952111,-2.92826086788365e-05,2
32.23952595100998,0.00030951654063811714,-2.8801590424292893e-05,2
32.37274713262572,0.0003057110522770292,-2.8330408694503023e-05,2
32.505968314241464,0.0003019676934685082,-2.7868823092669775e-05,2
32.63918949585721,0.0002982852014378518,-2.741660004845208e-05,2
32.77241067747295,0.00029466234408445305,-2.6973512597319938e-05,2
32.90563185908869,0.0002910979191160175,-2.65393401679003e-05,2
33.03885304070444,0.0002875907532105983,-2.6113868376993728e-05,2
33.172074222320184,0.000284139701205443,-2.569688883195521e-05,2
33.30529540393593,0.0002807436453116946,-2.528819894014665e-05,2
33.43851658555167,0.00027740149435402184,-2.488760172518089e-05,2
33.57173776716741,0.0002741121830342914,-2.4494905649689224e-05,2
33.70495894878316,0.0002708746712184328,-2.4109924444356472e-05,2
33.8381801303989,0.00026768794324567424,-2.3732476942977834e-05,2
33.97140131201465,0.00026455100725936343,-2.3362386923303026e-05,2
34.10462249363039,0.00026146289455862223,-2.299948295344317e-05,2
34.23784367524613,0.00025842265897009893,-2.2643598243624594e-05,2
34.37106485686188,0.00025542937623913083,-2.2294570503084366e-05,2
34.504286038477616,0.00025248214343963636,-2.1952241801909458e-05,2
34.63750722009336,0.0002495800784020955,-2.1616458437630842e-05,2
34.77072840170911,0.0002467223191589965,-2.128707080639149e-05,2
34.90394958332485,0.00024390802340715017,-2.0963933278514334e-05,2
35.0371707649406,0.0002411363679862975,-2.0646904078304193e-05,2
35.170391946556336,0.00023840654837345725,-2.0335845167924027e-05,2
35.30361312817208,0.00023571777819247994,-2.0030622135192602e-05,2
35.43683430978783,0.00023306928873829816,-1.9731104085157232e-05,2
35.570055491403565,0.00023046032851537686,-1.9437163535300665e-05,2
35.70327667301931,0.0002278901627898893,-1.9148676314247434e-05,2
35.836497854635056,0.0002253580731551634,-1.8865521463840458e-05,2
35.9697190362508,0.00022286335710995422,-1.8587581144463427e-05,2
36.102940217866546,0.00022040532764912069,-1.831474054349016e-05,2
36.236161399482285,0.00021798331286629693,-1.804688778674647e-05,2
36.36938258109803,0.00021559665556816367,-1.778391385287475e-05,2
36.502603762713775,0.00021324471289994163,-1.752571249049616e-05,2
36.635824944329514,0.00021092685598173914,-1.72721801380689e-05,2
36.769046125945266,0.00020864246955540163,-1.702321584634563e-05,2
36.902267307561004,0.00020639095164152582,-1.6778721203336832e-05,2
37.03548848917675,0.00020417171320630503,-1.6538600261689983e-05,2
37.168709670792495,0.00020198417783789613,-1.630275946839907e-05,2
37.30193085240823,0.00019982778143199848,-1.6071107596761107e-05,2
37.435152034023986,0.0001977019718863521,-1.5843555680500383e-05,2
37.568373215639724,0.0001956062088038737,-1.56200169499841e-05,2
37.70159439725547,0.00019353996320415218,-1.54004067704554e-05,2
37.834815578871215,0.0001915027172430449,-1.518464258221382e-05,2
37.96803676048695,0.00018949396394011569,-1.4972643842674577e-05,2
38.1012579421027,0.00018751320691367052,-1.4764331970241677e-05,2
38.234479123718444,0.000185559960123154,-1.4559630289931955e-05,2
38.36770030533418,0.00018363374761867573,-1.4358463980689415e-05,2
38.500921486949935,0.0001817341032974459,-1.4160760024331796e-05,2
38.63414266856567,0.00017986057066690842,-1.3966447156073458e-05,2
38.76736385018142,0.00017801270261436094,-1.3775455816570402e-05,2
38.90058503179716,0.00017619006118286718,-1.3587718105435964e-05,2
39.0338062134129,0.00017439221735326578,-1.34031677361769e-05,2
39.16702739502865,0.00017261875083209025,-1.3221739992501975e-05,2
39.30024857664439,0.00017086924984522194,-1.3043371685956754e-05,2
39.43346975826014,0.0001691433109371001,-1.2868001114839984e-05,2
39.56669093987588,0.00016744053877532246,-1.2695568024358599e-05,2
39.69991212149162,0.00016576054596047392,-1.2526013567980102e-05,2
39.83313330310737,0.00016410295284102603,-1.235928026994234e-05,2
39.96635448472311,0.00016246738733315664,-1.2195311988882455e-05,2
40.09957566633885,0.00016085348474534196,-1.2034053882547838e-05,2
40.2327968479546,0.00015926088760757952,-1.1875452373553506e-05,2
40.36601802957034,0.00015768924550510643,-1.1719455116151685e-05,2
40.49923921118609,0.0001561382149164771,-1.1566010963980106e-05,2
40.63246039280183,0.00015460745905587618,-1.1415069938757539e-05,2
40.76568157441757,0.0001530966477195391,-1.1266583199895374e-05,2
40.898902756033316,0.00015160545713616223,-1.1120503014995757e-05,2
41.03212393764906,0.00015013356982118592,-1.0976782731207635e-05,2
41.1653451192648,0.00014868067443483753,-1.083537674741299e-05,2
41.29856630088055,0.00014724646564382625,-1.0696240487216626e-05,2
41.43178748249629,0.00014583064398658474,-1.0559330372713986e-05,2
41.565008664112035,0.00014443291574195338,-1.0424603799011786e-05,2
41.69822984572778,0.00014305299280121208,-1.0292019109478e-05,2
41.83145102734352,0.00014169059254336074,-1.0161535571697715e-05,2
41.96467220895927,0.00014034543771355716,-1.0033113354112702e-05,2
42.09789339057501,0.00013901725630462391,-9.906713503323242e-06,2
42.231114572190755,0.00013770578144153416,-9.782297922031182e-06,2
42.3643357538065,0.00013641075126879623,-9.659829347604454e-06,2
42.49755693542224,0.00013513190884065248,-9.539271331243399e-06,2
42.630778117037984,0.00013386900201401458,-9.420588217730322e-06,2
42.76399929865373,0.00013262178334405946,-9.303745125744208e-06,2
42.89722048026947,0.00013139000998241043,-9.188707928723014e-06,2
43.03044166188522,0.00013017344357783232,-9.07544323625675e-06,2
43.16366284350096,0.00012897185017937167,-8.963918375995098e-06,2
43.296884025116704,0.00012778500014187284,-8.854101376053592e-06,2
43.43010520673245,0.00012661266803380656,-8.745960947903434e-06,2
43.56332638834819,0.0001254546325473458,-8.63946646972998e-06,2
43.69654756996394,0.00012431067641062853,-8.534587970245754e-06,2
43.82976875157968,0.00012318058630214786,-8.431296112944353e-06,2
43.96298993319542,0.0001220641527672101,-8.329562180781678e-06,2
44.09621111481117,0.00012096117013640702,-8.229358061271949e-06,2
44.22943229642691,0.00011987143644604629,-8.130656231985832e-06,2
44.36265347804265,0.00011879475336048734,-8.033429746438741e-06,2
44.4958746596584,0.00011773092609633264,-7.937652220357755e-06,2
44.629095841274136,0.00011667976334842333,-7.84329781831575e-06,2
44.76231702288989,0.00011564107721759164,-7.750341240721978e-06,2
44.89553820450563,0.00011461468314012399,-7.658757711158575e-06,2
45.02875938612137,0.00011360039981888732,-7.568522964052672e-06,2
45.16198056773712,0.00011259804915607741,-7.479613232674435e-06,2
45.295201749352856,0.00011160745618754403,-7.392005237451354e-06,2
45.4284229309686,0.00011062844901865238,-7.3056761745896e-06,2
45.56164411258435,0.00010966085876164099,-7.2206037049935254e-06,2
45.69486529420009,0.0001087045194744358,-7.136765943474615e-06,2
45.82808647581584,0.00010775926810088333,-7.054141448241538e-06,2
45.961307657431576,0.0001068249444123657,-6.972709210663175e-06,2
46.09452883904732,0.00010590139095076144,-6.892448645296764e-06,2
46.227750020663066,0.0001049884529727181,-6.813339580173594e-06,2
46.360971202278805,0.00010408597839520165,-6.735362247334809e-06,2
46.49419238389456,0.00010319381774229058,-6.658497273610236e-06,2
46.627413565510295,0.0001023118240931832,-6.582725671633347e-06,2
46.76063474712604,0.00010143985303138563,-6.508028831085547e-06,2
46.893855928741786,0.00010057776259505226,-6.434388510163459e-06,2
47.027077110357524,9.972541322844782e-05,-6.361786827262779e-06,2
47.16029829197327,9.888266773450344e-05,-6.290206252872665e-06,2
47.293519473589015,9.8049391228439e-05,-6.219629601674783e-06,2
47.42674065520475,9.722545109242461e-05,-6.150040024841226e-06,2
47.559961836820506,9.641071693125493e-05,-6.081421002525779e-06,2
47.693183018436244,9.56050605290121e-05,-6.0137563365432166e-06,2
47.82640420005199,9.480835580669058e-05,-5.9470301432312685e-06,2
47.959625381667735,9.402047878076194e-05,-5.881226846490381e-06,2
48.09284656328347,9.324130752265496e-05,-5.816331170996237e-06,2
48.226067744899225,9.247072211912856e-05,-5.752328135580305e-06,2
48.359288926514964,9.170860463351624e-05,-5.689203046773909e-06,2
48.49251010813071,9.095483906781903e-05,-5.626941492511151e-06,2
48.625731289746454,9.0209311325628e-05,-5.56552933598657e-06,2
48.75895247136219,8.94719091758543e-05,-5.504952709663168e-06,2
48.89217365297794,8.874252221724776e-05,-5.445198009426766e-06,2
49.02539483459368,8.80210418436851e-05,-5.386251888882799e-06,2
49.15861601620942,8.73073612102083e-05,-5.328101253791593e-06,2
49.291837197825174,8.660137519979524e-05,-5.270733256638457e-06,2
49.42505837944091,8.590298039084546e-05,-5.214135291335018e-06,2
49.55827956105666,8.521207502536244e-05,-5.158294988048144e-06,2
49.6915007426724,8.45285589778173e-05,-5.103200208153224e-06,2
49.82472192428814,8.38523337246762e-05,-5.048839039308349e-06,2
49.957943105903894,8.318330231457617e-05,-4.995199790646253e-06,2
50.09116428751963,8.252136933913422e-05,-4.942270988080906e-06,2
50.22438546913538,8.186644090437341e-05,-4.890041369725659e-06,2
50.35760665075112,8.121842460275299e-05,-4.838499881420092e-06,2
50.49082783236686,8.057722948578671e-05,-4.787635672362642e-06,2
50.62404901398261,7.994276603723629e-05,-4.737438090846252e-06,2
50.75727019559835,7.93149461468664e-05,-4.687896680094385e-06,2
50.89049137721409,7.869368308474767e-05,-4.639001174194731e-06,2
51.02371255882984,7.807889147609492e-05,-4.590741494128092e-06,2
51.15693374044558,7.74704872766288e-05,-4.543107743890009e-06,2
51.290154922061326,7.686838774844718e-05,-4.496090206702647e-06,2
51.42337610367707,7.627251143639613e-05,-4.4496793413147094e-06,2
51.55659728529281,7.56827781449277e-05,-4.403865778387038e-06,2
51.689818466908555,7.509910891543354e-05,-4.35864031696173e-06,2
51.8230396485243,7.452142600404384e-05,-4.313993921012652e-06,2
51.956260830140046,7.394965285988012e-05,-4.2699177160752266e-06,2
52.08948201175579,7.33837141037521e-05,-4.226402985953509e-06,2
52.22270319337153,7.282353550728805e-05,-4.183441169502578e-06,2
52.355924374987275,7.226904397248895e-05,-4.141023857484314e-06,2
52.48914555660302,7.172016751169676e-05,-4.099142789494762e-06,2
52.622366738218766,7.117683522796742e-05,-4.057789850961198e-06,2
52.755587919834504,7.06389772958392e-05,-4.016957070207215e-06,2
52.88880910145025,7.010652494248759e-05,-3.9766366155840645e-06,2
53.022030283065995,6.957941042925844e-05,-3.936820792666656e-06,2
53.15525146468174,6.905756703356984e-05,-3.897502041512539e-06,2
53.28847264629748,6.854092903117547e-05,-3.858672933982341e-06,2
53.421693827913224,6.802943167878076e-05,-3.820326171120105e-06,2
53.55491500952897,6.752301119700422e-05,-3.782454580592085e-06,2
53.688136191144714,6.702160475367605e-05,-3.745051114182497e-06,2
53.82135737276045,6.652515044746677e-05,-3.70810884534487e-06,2
53.9545785543762,6.60335872918383e-05,-3.6716209668075914e-06,2
54.08779973599194,6.554685519931064e-05,-3.635580788232366e-06,2
54.22102091760769,6.506489496603702e-05,-3.599981733924225e-06,2
54.354242099223434,6.458764825668054e-05,-3.5648173405918934e-06,2
54.48746328083917,6.411505758958636e-05,-3.5300812551572446e-06,2
54.62068446245492,6.364706632224184e-05,-3.4957672326126625e-06,2
54.75390564407066,6.318361863701975e-05,-3.461869133925167e-06,2
54.88712682568641,6.272465952719705e-05,-3.4283809239861382e-06,2
55.02034800730215,6.227013478324415e-05,-3.39529666960557e-06,2
55.15356918891789,6.18199909793783e-05,-3.3626105375497564e-06,2
55.28679037053364,6.137417546037569e-05,-3.330316792621396e-06,2
55.42001155214938,6.093263632863657e-05,-3.298409795781072e-06,2
55.55323273376512,6.04953224314978e-05,-3.2668840023091338e-06,2
55.686453915380866,6.00621833487876e-05,-3.2357339600070026e-06,2
55.81967509699661,5.963316938061767e-05,-3.2049543074369976e-06,2
55.95289627861236,5.9208231535406936e-05,-3.174539772199723e-06,2
56.086117460228095,5.8787321518132496e-05,-3.144485169248159e-06,2
56.21933864184384,5.837039171880268e-05,-3.1147853992375753e-06,2
56.352559823459586,5.795739520114777e-05,-3.0854354469104395e-06,2
56.48578100507533,5.7548285691523415e-05,-3.0564303795154723e-06,2
56.61900218669108,5.714301756802252e-05,-3.0277653452600734e-06,2
56.752223368306815,5.6741545849791105e-05,-2.999435571795324e-06,2
56.88544454992256,5.6343826186543806e-05,-2.971436364732804e-06,2
57.018665731538306,5.594981484827508e-05,-2.943763106192503e-06,2
57.15188691315405,5.555946871516162e-05,-2.9164112533810714e-06,2
57.28510809476979,5.5172745267652285e-05,-2.8893763371997353e-06,2
57.418329276385535,5.4789602576741475e-05,-2.862653960881172e-06,2
57.55155045800128,5.4409999294422425e-05,-2.8362397986546982e-06,2
57.684771639617026,5.403389464431618e-05,-2.81012959443909e-06,2
57.817992821232764,5.3661248412473155e-05,-2.784319160562431e-06,2
57.95121400284851,5.329202093834324e-05,-2.7588043765083375e-06,2
58.084435184464255,5.2926173105911496e-05,-2.7335811876880004e-06,2
58.21765636608,5.256366633499549e-05,-2.708645604237407e-06,2
58.35087754769574,5.220446257270141e-05,-2.683993699839204e-06,2
58.484098729311484,5.184852428503529e-05,-2.6596216105686244e-06,2
58.61731991092723,5.1495814448666766e-05,-2.6355255337629533e-06,2
58.750541092542974,5.114629654284154e-05,-2.6117017269139693e-06,2
58.88376227415872,5.0799934541440144e-05,-2.5881465065828757e-06,2
59.01698345577446,5.0456692905179644e-05,-2.5648562473371936e-06,2
59.1502046373902,5.011653657395559e-05,-2.5418273807091336e-06,2
59.28342581900595,4.9779430959321376e-05,-2.519056394174965e-06,2
59.416647000621694,4.9445341937102105e-05,-2.49653983015491e-06,2
59.54986818223743,4.9114235840140424e-05,-2.4742742850331067e-06,2
59.68308936385318,4.878607945117149e-05,-2.4522564081971893e-06,2
59.81631054546892,4.8460839995824844e-05,-2.430482901097069e-06,2
59.94953172708467,4.8138485135750114e-05,-2.40895051632246e-06,2
